X,Y,Class
-1.0925779216452967,-1.2672282369658103,0.0
-0.12091347833444217,-1.2295099422531135,1.0
0.06156414393352,-2.1465854802857844,1.0
1.0265849217159815,-2.378445987522417,2.0
0.0800372067511774,-2.2524751157476643,1.0
2.094970070949153,-1.9816118503874942,2.0
1.2019091215063964,-1.5512232727557724,2.0
1.7350283118752743,-2.5848225992701725,2.0
-1.8935582815946757,-1.3014877457121512,0.0
-1.1332977075634678,-1.3992712879940192,0.0
-0.7096830227059607,-2.728346932522377,1.0
0.22021917544116504,-2.34470759600104,1.0
1.8279907879372062,-2.139520605189978,2.0
-2.2054398494593737,-1.1599411952353358,0.0
-0.12194068649200832,-1.754082603088206,1.0
1.4766115268774065,-2.055766280911791,2.0
1.3601848870368403,-2.319296631473275,2.0
-2.6721856866906992,-0.9266622281208803,0.0
0.15855614432758458,-1.9397010478506458,1.0
-1.6825135588870492,-1.3147951018712303,0.0
0.2996523821948329,-2.582783455550018,1.0
1.1498695921005062,-1.8753221624450025,2.0
-0.29050928143913757,-2.5475984664145557,1.0
-0.8142789861058009,-1.3898127228709485,1.0
-0.17315034128503545,-2.700554869706612,1.0
-2.3323383214600004,-0.7486803423006734,0.0
0.33283372829455166,-2.1163352999372678,1.0
2.1723924084251225,-2.154959221224922,2.0
-0.4608406646885481,-2.6561265158566667,1.0
-0.6501275556391882,-1.5428788233523414,1.0
-0.41455916744271243,-2.556679771193492,1.0
-2.4689694714901047,-1.5682337859172502,0.0
1.6947089987422612,-1.8012502270549067,2.0
-0.23937134641334074,-1.5100640803129797,1.0
-2.0179745706658214,-1.2513552826664258,0.0
-0.027143541287482767,-2.4207977772913116,1.0
1.6478572537638214,-1.9153674094688098,2.0
-0.2673682830379941,-1.0927358294176417,1.0
-2.3851756084838662,-1.227496287099638,0.0
-0.2984094189125386,-2.0936300723399044,1.0
-0.21880289978277173,-2.4541707102580235,1.0
2.0081399393935193,-1.803927020035615,2.0
-0.7846744755861245,-1.549403640871096,1.0
-1.826029138139348,-2.2999060076436173,0.0
0.20215704665472678,-2.013548400912495,1.0
-2.5841247834275807,-1.4123577054368472,0.0
-0.4932382350260193,-1.7400545560314793,1.0
-2.281796740580284,-0.7880962482078687,0.0
-0.14264357335839406,-1.4614447480285206,1.0
1.8481154123212147,-1.807477068062394,2.0
0.4697253038149808,-2.0917165897678838,1.0
-2.114286277342417,-1.3653897373116823,0.0
1.481722728709492,-2.2572422822151808,2.0
-2.104398144521717,-0.9836457956968018,0.0
-0.28907516293140306,-1.555955722364055,1.0
1.8415969881126315,-1.2978334848850226,2.0
1.641586979389195,-1.6699457882315487,2.0
-2.13605495430206,-0.8621596201807202,0.0
-2.310252285039067,-1.7790139137127299,0.0
1.8636628195996665,-1.7823690155122043,2.0
0.22433704860889336,-1.6289340071552953,1.0
-0.43330140610189766,-2.301166614070402,1.0
1.1330857236785965,-1.7732316884288253,2.0
0.12401997030272752,-2.3613052544200532,1.0
-0.4340964390105524,-1.756005837976106,1.0
1.4874135361547745,-1.7170191802187529,2.0
-0.6771599867421793,-2.3231943023877752,1.0
-2.238353231777558,-1.0864943297582543,0.0
-0.7871253011431427,-2.047370693395044,1.0
-2.767570579752971,-1.0619016899478295,0.0
1.9878881616008404,-1.849681573155269,2.0
1.2609939881999137,-1.7841909854953018,2.0
1.3379232160283576,-2.535437132531138,2.0
-2.295422011350117,-1.198698303946131,0.0
0.4010673804691174,-2.23821146671468,1.0
0.057477758722781824,-2.486776556676515,1.0
1.7445218913097562,-1.7447842835579666,2.0
-2.05630574746939,-2.165896080769941,0.0
1.3792327965296236,-2.211365062711903,2.0
-0.7421562646809877,-2.2695339745719108,1.0
-0.16996518822698684,-1.749682808440062,1.0
-0.10895910320016138,-2.239930444639877,1.0
-2.8231468814571468,-1.0525454682433346,0.0
-0.0295150574465374,-2.1553174535364112,1.0
0.7434782939079949,-1.8439987621214278,1.0
0.5392553381385341,-2.6754698706915665,1.0
2.803089563291554,-2.1527462966471327,2.0
-0.06866342506797718,-1.9194331730547256,1.0
1.4331081346339172,-2.3170322354154207,2.0
-3.1189023047613698,-0.8920374502545851,0.0
-0.786109142720409,-1.6824577502345548,1.0
-0.09194327295679114,-2.4374422845291215,1.0
0.5982650384123187,-1.9341730878695933,1.0
-0.1579251445358124,-2.300677683750833,1.0
1.34259746989527,-1.8535619236254846,2.0
-2.928012299997665,-1.3087836279348495,0.0
2.031712211502597,-1.7582074435964896,2.0
-0.6114183181176159,-2.052559716398126,1.0
2.648145600261848,-2.2053224677973873,2.0
0.10835951690924794,-1.7381865703978683,1.0
0.052924859143628544,-1.6998715487444827,1.0
-1.9278049716304722,-0.7916734412746835,0.0
2.287416396450097,-2.251027132833961,2.0
1.830761986691053,-2.1369630791371317,2.0
-1.6140601628970197,-0.8226241036333908,0.0
1.3683934087517124,-2.2563441413801084,2.0
-0.1294419367555384,-1.5711987278519395,1.0
-2.1907971707297578,-1.1420449299549384,0.0
0.187166248476075,-1.6330050487378582,2.0
-2.150437565562773,-0.8907477189302733,0.0
-2.428514903803885,-2.127019631343415,0.0
0.27137598365466653,-2.1835121224452223,1.0
0.4429579030593027,-2.4948711209470775,1.0
-0.8034401925518888,-1.8167550652694646,1.0
-2.3533976817904763,-0.6671948696459379,0.0
1.7086026958114944,-2.1109919661519467,2.0
-0.3856501694423839,-1.9069022951851098,1.0
-1.9946543797614682,-1.1661412241603724,0.0
2.395030137339739,-2.0346647445611046,2.0
1.8471994460363736,-1.8621796200893106,2.0
0.08161529189343222,-1.9451104790649283,1.0
-1.431231043998874,-1.323325032933678,0.0
1.527749314267732,-2.281152573049682,2.0
0.18180849440454894,-2.5192313783716234,1.0
-0.12901027456687736,-1.6136257033379344,1.0
-1.6789512703796403,-0.7567064309398799,0.0
-1.3243511340772585,-1.8820097318336177,0.0
1.473230734491187,-1.9126689687003178,2.0
1.371094556300761,-1.4408214672774542,2.0
-2.9727538288702946,-1.0869077621132872,0.0
-2.373210869576493,-1.563974987251233,0.0
0.9422694409787722,-2.307766562969952,2.0
-2.035505892584351,-0.4292409458597253,0.0
1.7456637534723096,-2.2451516645584544,2.0
-0.05161622715226166,-1.9936623048351991,1.0
-2.324925711927736,-1.4151928077157234,0.0
-2.949348775936312,-1.6027717681077611,0.0
-0.7340949220209461,-1.8860428294897555,1.0
-0.10973673218129769,-1.9037414683323508,1.0
-0.20535069909964226,-2.05981595065999,1.0
1.9319351146611436,-2.343731557287051,2.0
-1.2427476069586092,-1.1908220215914675,0.0
1.1206226416153342,-2.092365115460228,2.0
1.1144450495452218,-2.396839566230828,2.0
-2.5146564980484656,-1.5972352330398587,0.0
2.2888793560599057,-1.9300282939262108,2.0
-2.0877575514399846,-0.8470027558601592,0.0
-1.8069959794336918,-1.1107710843771235,0.0
1.7643589214338353,-1.523757710455347,2.0
1.4344352403612084,-1.9569275882912753,2.0
-1.7663305694730531,-1.5008387883581118,0.0
-1.827897972953794,-0.781217623790615,0.0
1.4018003774086978,-2.2684441062933187,2.0
-0.3170872998172417,-1.7343854576774314,1.0
-2.8463595537793016,-1.2826447634774654,0.0
0.004354926772831891,-2.656584927340173,1.0
-2.0100173302187145,-1.948013570438376,0.0
1.3179578886292587,-2.0938184927720265,2.0
-0.16459101033290252,-2.5290900123563063,1.0
-2.224219773705511,-1.3567747222143356,0.0
-0.31328468509236246,-1.9997099219092047,1.0
-2.42129035671443,-0.840803639046242,0.0
-0.0660139251588828,-2.499814428619658,1.0
-0.530056935326708,-2.5197472285514957,1.0
-2.287802487769874,-1.5422552551782938,0.0
2.088073821726702,-1.468761076980793,2.0
1.686628474059311,-2.4292422474630464,2.0
1.9348063386395153,-1.896822229354263,2.0
1.2229642493551665,-1.00065599931257,2.0
0.23530187621640075,-1.7522828351801327,1.0
-1.802724013158401,-1.110167309276436,0.0
0.6178532220830724,-1.9429587710776222,1.0
2.4616263046751383,-1.6318830690051422,2.0
-0.22302038805001378,-2.4202986667843556,1.0
-2.496585335963251,-1.8173054147484167,0.0
0.38291821430645,-2.392770150579752,1.0
2.0807673979959205,-1.7599275024303656,2.0
0.8239591123644275,-2.435701676929668,2.0
0.8848157559940809,-2.376924094482968,2.0
0.2835022114475937,-1.8253503684771397,1.0
-1.3654434807033415,-1.3603646808644463,0.0
2.020802068999945,-1.8852451516663469,2.0
-0.4155340186937124,-2.1778119163938934,1.0
-3.0089087711531866,-1.1881696047602417,0.0
-2.212355083388152,-1.0734189696782954,0.0
-2.022737542158288,-1.18083364837875,0.0
-2.235954921701405,-0.9298862991827228,0.0
-0.8679809944570868,-1.9557892230319252,1.0
-1.511665938563457,-1.8576640461969034,0.0
-2.0517722729883063,-0.7071040117788322,0.0
1.664960790546843,-1.8736535461871298,2.0
1.9428907147904715,-2.241316864416939,2.0
1.6543772951279483,-1.6687899049267765,2.0
1.9115864395952349,-1.5935155078978847,2.0
-1.965932959633626,-1.3681857553169716,0.0
-0.13693013447381805,-2.156096791467947,1.0
-2.370674197868402,-1.2291178809162249,0.0
-2.258883954003214,-1.671273018722418,0.0
1.335575469256822,-2.2057274282941144,2.0
-0.801935860808915,-1.81708993920914,1.0
1.1502883169148583,-1.266274285580459,2.0
-0.5643034583491702,-1.8797831365049944,1.0
1.3202201110886675,-2.099397449931484,2.0
-2.4831893052713445,-1.1292132518749585,0.0
-0.8448961584059694,-2.550704536603554,1.0
1.6482752288337408,-2.2440216631293524,2.0
-2.2003154010500077,-1.7566102328363402,0.0
-2.433653012659341,-2.3714801725635253,0.0
-0.36129054698325636,-1.7200403601750802,1.0
1.800716227963088,-2.3730485073890355,2.0
1.0545062086595138,-2.033575119015806,2.0
1.3487642619082147,-1.8899987982177617,2.0
-0.1438987720977704,-1.8431708579778503,1.0
0.7362602312089616,-1.9215065146454737,1.0
1.613866420305907,-1.529934342975798,2.0
-2.2223643322818094,-1.346366997049923,0.0
-2.3629298682739077,-0.9895150511162394,0.0
-0.045856418679324426,-2.0697281567524364,1.0
0.04215379546765885,-2.1248359678619635,1.0
-0.5271124347588151,-2.068265619054026,1.0
-2.5193864023434815,-1.4691982363594105,0.0
0.025383284487720537,-2.4742662817121532,1.0
1.7356282833437713,-2.3740741717196254,2.0
0.14603512761581533,-1.5859549396888073,1.0
-2.824121353164527,-1.864765460177026,0.0
-2.175525787407465,-1.2330588105056195,0.0
1.628046624097304,-2.6225770772788533,2.0
1.881678268572139,-1.7916534094536596,2.0
-0.038766464303797626,-1.8816255340307424,1.0
1.7468832103243113,-2.417674442000566,2.0
-1.647600041729857,-1.2479777937554393,0.0
-2.1317163799445384,-1.085091868769976,0.0
-0.451097950273855,-1.3883428813978964,1.0
1.4327831949008574,-2.5545135317429195,2.0
-0.9882151114037744,-1.5814080704849758,1.0
1.7266653535419976,-1.755100172268926,2.0
1.709328745792126,-2.331840887917406,2.0
0.1544724079038306,-1.9001783868251745,1.0
-2.010130886199709,-1.5115824068297696,0.0
1.2919182571769183,-2.631635821284839,2.0
-1.0738652344244777,-2.6615264815193047,1.0
0.09038711432254393,-1.9154917370090816,1.0
0.6458510777601025,-1.9835354160220067,2.0
1.3209921855689886,-1.9164195259173937,2.0
1.7619145396917288,-1.6345862751235025,2.0
-0.14968500640243199,-2.287562979186359,1.0
-2.5300279134314607,-0.7126702235972459,0.0
1.448667739288693,-2.20118419283444,2.0
1.874456502201992,-2.0596848836320962,2.0
0.8703889599131798,-1.4304406645156427,1.0
0.4356216805828267,-2.0454549390070977,1.0
2.154482249449426,-2.5104826295857423,2.0
-0.3765799688557789,-1.6807994728929196,1.0
-1.48614545413341,-1.5545043786797044,0.0
-2.445987157533394,-1.284648189020889,0.0
-3.0732932344316044,-1.6466611079078857,0.0
1.521017520800518,-1.8488601795210056,2.0
0.5101169236788755,-2.366131518436806,1.0
1.3487544529255917,-1.2982030625796765,2.0
0.40956678710984595,-2.156844926559754,1.0
-2.688210306560108,-1.1308380227139712,0.0
0.2003932122263713,-1.9195122397553908,1.0
-0.16697956622685298,-1.5618624847372469,1.0
-2.278160957428315,-1.688862903041647,0.0
-2.3124402421736083,-1.8842480459140574,0.0
-2.105496113689694,-1.1991298280851657,0.0
-2.7104327777731765,-0.731665038511142,0.0
1.2174271221086008,-2.5338413030213958,2.0
-1.864402270012694,-1.0951412434647287,0.0
0.4065966132020179,-2.0216671228726426,1.0
1.6920915694633802,-1.805054390980031,2.0
-1.9137417566455575,-1.8659077339070254,0.0
-2.908295362733388,-1.428847972069839,0.0
1.3019347044507583,-2.2141547258348946,2.0
-2.059097703053433,-1.2769185263108276,0.0
-2.0871277515015065,-1.7339082102761354,0.0
1.5324928600137726,-2.386048697313958,2.0
-0.3812779754953512,-2.5625531152102017,1.0
-1.4178072638482269,-1.7767619949106228,0.0
-0.6701640647024755,-2.4255310839786963,1.0
0.22908733066429937,-1.5193225516659483,1.0
-0.2585040699606972,-2.1168801192723254,1.0
-0.09051694886722354,-1.2324692724253743,1.0
0.3278143676516604,-2.333220878974013,1.0
-0.10855479536171972,-1.8714421098800147,1.0
-0.11741884426639367,-2.141642138979504,1.0
0.31648989716558856,-1.948616203881828,1.0
0.030649901727016676,-1.6404120518731151,1.0
-2.440800606933679,-1.224926147143904,0.0
2.012037046375642,-2.1077218615618496,2.0
0.8445835111705274,-1.373744575513283,2.0
1.3029993254789747,-2.2080343361454586,2.0
-2.1823404340061905,-1.0663256222414772,0.0
1.4907888948591725,-2.116313508542289,2.0
-0.319824258504001,-1.7492415198860864,1.0
-1.4423015035265663,-1.2679185586890136,0.0
-2.576997905764505,-1.4785911118867892,0.0
0.05295368945533188,-2.11033360457932,1.0
-0.09040667621623416,-2.0097459263345807,1.0
1.692892227713076,-2.1963520255130815,2.0
-0.19966405466511555,-2.5662850360580505,1.0
1.2438376024999256,-2.1733415490059715,2.0
-0.6957627599900682,-2.4818565696801156,1.0
-1.945464128641205,-1.7514792896506552,0.0
-0.38380909637237526,-2.0403310596604256,1.0
1.613763209369034,-1.663139517851675,2.0
1.7948851006624709,-2.1732562493222325,2.0
-0.28415252525560813,-1.7957969253845194,1.0
1.617022797962511,-1.5451393124258364,2.0
2.2072851105366107,-1.9858610335366622,2.0
-0.10974048574751141,-2.3403957336985934,1.0
-0.07996467345668984,-2.3710464895150536,1.0
-1.8780979387687782,-1.3877473307579136,0.0
-1.9594900953040957,-1.1391992549797068,0.0
1.6130599616177994,-1.533802510302728,2.0
-2.578284292785675,-1.2688002728299848,0.0
-0.3888721847031396,-1.9192253308104985,1.0
1.762965332778981,-1.2441312102905906,2.0
1.6717332086577494,-1.349052587343964,2.0
1.6251384059794995,-2.236968775292687,2.0
-2.565271837744389,-1.826392373439079,0.0
-0.29717245057358876,-1.6490767243744608,1.0
1.743966715302596,-2.2533260162528164,2.0
0.1941775928074267,-2.4635803192698855,1.0
0.05884627611435092,-1.9968053337062384,1.0
-2.392791393299249,-1.425913433715561,0.0
1.3779601855187722,-1.4150425965012325,2.0
1.74603428879991,-2.4146194650379833,2.0
0.4119537906839098,-2.029687153894449,1.0
1.8826683619162066,-2.245510750823325,2.0
-2.0808348772432073,-0.6820002441824734,0.0
1.4499219857303922,-1.7648350872551566,2.0
-0.07436016520696156,-1.7916256494423395,1.0
1.0488654735847769,-1.6099081250704708,2.0
2.111123460400373,-1.3842740993826452,2.0
0.04825980596030177,-2.1929040032400153,1.0
-1.7966158833462957,-0.9663063309174562,0.0
0.3144449734731871,-2.159655342856717,1.0
-0.11483344405668797,-1.8646717719991452,1.0
1.721798160698881,-2.4923638072111456,2.0
2.4877037781198514,-2.116637092546662,2.0
0.15686940248068487,-2.0465921837337513,1.0
-0.5392299783730694,-2.052161611772698,1.0
1.9080117460224595,-2.4255996881266806,2.0
-2.3291591357324704,-1.7014265770136094,0.0
1.2433938664689934,-1.9876352125220569,2.0
-0.3088382627270472,-2.107395195339477,1.0
2.292714982703608,-2.0453482467293274,2.0
1.726732612022472,-2.6206001169172293,2.0
0.12439375795048144,-1.7525598051487525,1.0
2.109296387248043,-1.8795743022900284,2.0
1.4183967955920438,-2.3212023016384293,2.0
0.3164138208720787,-2.3389308756437575,1.0
-0.11429233274941678,-2.03544837628868,1.0
1.0709600058973399,-1.8913864951192085,2.0
1.8699067638241607,-1.9579932379164497,2.0
1.6421947113484558,-2.1923879446271486,2.0
1.2222402120729865,-1.6671429707936098,2.0
1.7008047082343822,-2.14942065367715,2.0
-0.8602583816872764,-1.847613564358739,1.0
-2.4350900707243617,-1.1673307891352331,0.0
-2.3335887948487537,-1.5832763668945922,0.0
-2.0458404620103683,-1.5792966661743342,0.0
-1.2577924337828665,-2.5421991418270222,1.0
-2.0832637203535107,-1.0804331968616077,0.0
-0.5157458405134017,-2.3446604467393968,1.0
-2.538712920618706,-1.1605568308275578,0.0
0.19868443292199356,-2.588065629797726,1.0
-0.11398380500733724,-1.2160219219112394,1.0
0.008131601142510353,-1.7033282587220062,1.0
-0.028964914100584063,-2.068764714485061,1.0
2.0818097240835494,-2.241690753928789,2.0
-2.555269295323988,-1.554905315536713,0.0
-1.8789268265199208,-0.7958269810250538,0.0
-1.6092493366948437,-1.1790820622623444,0.0
-0.06734509176997883,-2.0154452458563834,1.0
-2.824036863497922,-1.264512032299453,0.0
1.5805464494645944,-2.0378264301087023,2.0
-2.1530139364979246,-0.3018084480456211,0.0
-0.05523846633866131,-2.9863018183991743,1.0
-2.4381526308989523,-0.5648896744243892,0.0
-2.215283805563718,-0.8295892857673244,0.0
-2.2234891472872937,-0.7844264186297556,0.0
-0.10653366223699759,-2.492178269811935,1.0
0.9322813764343478,-1.587101682889318,2.0
-0.3511868083691341,-1.9184159243460646,1.0
-2.1932085618796844,-1.3432333098907194,0.0
1.7213712539875334,-1.087471902221811,2.0
1.296781229639159,-1.158430523464827,2.0
2.28550779915979,-2.260649316535393,2.0
-1.3228328299103191,-1.7564534532889218,1.0
1.8837062621725593,-1.1776279173650914,2.0
1.4807758812253247,-2.2978142223014406,2.0
-0.18404265162520655,-1.6561036949899295,1.0
-2.031799848574005,-0.9723551345819748,0.0
1.9037959223771546,-2.3474421852873615,2.0
-0.6289026231813797,-2.0973802760461973,1.0
-0.4590647618958648,-2.4875246421041863,1.0
-0.18700200906660186,-2.0824043730067134,1.0
-1.4240439585001008,-0.8752405071434902,0.0
1.546292679752554,-2.184153535064919,2.0
1.9287990270445572,-2.253017627995914,2.0
-0.026328103718293083,-1.8656314739587514,1.0
-0.5223322359885257,-1.2919996177905286,1.0
1.5411732546744186,-2.323063362865496,2.0
1.0978684793233864,-2.1943579708293814,2.0
-0.1772358442173193,-1.54855286394411,1.0
2.058739194214297,-3.108947890500151,2.0
1.7677357147007768,-2.1033934719575478,2.0
-0.478593577718506,-1.6151708634092858,1.0
-0.13098972063181746,-2.154193129978404,1.0
2.0487603669701895,-2.1255937106568643,2.0
1.296434068274093,-2.7151283054002917,2.0
1.8112192764938793,-1.1907651008951063,2.0
-2.477348420461963,-1.0153435848204952,0.0
-0.9023704263340007,-1.905508803483721,1.0
-2.3259982696339097,-1.3585794706837786,0.0
-0.28201458900533255,-2.5457156542575596,1.0
-0.3968249028369292,-2.334555641594306,1.0
-2.1250083934146917,-1.3893173956056135,0.0
-0.2376178581393124,-2.344583158512738,1.0
1.8429962377401834,-2.2179136531803545,2.0
1.3610871469161538,-1.9269346186506686,2.0
-2.0930396638101763,-1.950283512735881,0.0
-2.7912392807041213,-1.07073084204091,0.0
0.029478865020076128,-2.0684816524183858,1.0
-0.3863015665904272,-2.0774228676516397,1.0
2.0111877468815007,-1.5978617829080655,2.0
1.0142286686284345,-1.7736056882058802,2.0
-0.02674111465856123,-2.122027069827177,1.0
-2.544183159273304,-0.7403306166715824,0.0
0.13223413231644554,-1.8735385060741359,1.0
1.2819002008952312,-1.9525839356876933,2.0
1.4528322606481727,-1.397996344054821,2.0
-1.9689127672397915,-1.0939587078482618,0.0
1.83286170277742,-1.4983299254597897,2.0
1.7540698385933118,-2.4317050188247014,2.0
-0.5276113117369665,-2.9661517038167857,1.0
-0.6850901690704484,-2.038956440562043,1.0
-2.2912590569048974,-1.379669862875794,0.0
2.0150584397765527,-1.85708175846626,2.0
-1.5033672201199413,-1.1168626863106232,0.0
1.8388032816580058,-2.3272513507492922,2.0
-2.0815301173455643,-1.1058091776025492,0.0
-2.155615321934653,-1.900344411382426,0.0
-1.8625051631999905,-0.8258828389405375,0.0
2.1539212886103325,-2.1394734496763577,2.0
2.7231533694084096,-1.3562559642392353,2.0
-1.932304950171547,-1.6325730478367053,0.0
1.4105082941736196,-2.266862132611175,2.0
-1.7867901832864648,-0.7060332318377714,0.0
1.296355675239502,-2.4266542503245714,2.0
-0.7481870970926301,-2.3116423856274455,1.0
-0.4983141819100405,-2.1226184961566696,1.0
1.5865452386042984,-1.958974994786624,2.0
-1.9971443595782654,-1.021620586243722,0.0
1.7664997719411895,-2.629983230476133,2.0
-0.31828750281091456,-2.1078000047487064,1.0
-2.2473289401032885,-1.3955981760670244,0.0
-1.7921667555612295,-1.299662407689978,0.0
-2.3525891590915293,-1.0763525543883457,0.0
-2.384063510354356,-0.9796362610696936,0.0
0.07376957211611629,-2.3748451249847866,1.0
1.095045809601554,-1.6182647455629178,2.0
-1.7325288044044092,-1.331344690991459,0.0
0.655716719087854,-1.6128522577903663,1.0
-2.484119205001739,-1.2818140900643995,0.0
1.98193203679636,-2.277411448185295,2.0
0.9176862217887942,-2.9366355463289793,2.0
-2.3095673217296526,-1.555512898882244,0.0
-1.8380072468849373,-1.1068318868052356,0.0
-2.4099939702568736,-1.3328270623480472,0.0
1.2103651439334575,-2.3089069897180177,2.0
-0.1312993726676696,-2.3055205209267213,1.0
-1.9848025667785447,-1.852155844964534,0.0
2.079335627919165,-1.3718631704162183,2.0
-0.014721066082961795,-2.3921824986565534,1.0
1.0721537243852772,-1.6509389968903445,2.0
1.621004783060094,-1.7619149432941683,2.0
0.03824217391919593,-2.760829538130794,1.0
0.16763294692559005,-1.9809685644676813,1.0
-1.9004832497260793,-1.3904619526847726,0.0
-2.6936782833648554,-0.574406098606369,0.0
-2.442277855296509,-0.7185200541932049,0.0
0.6171107979489201,-1.5425659872514383,1.0
-0.09793399379250364,-2.294037179364931,1.0
1.8489292372263673,-1.9728519160644569,2.0
1.7376189906065374,-2.3577602290926016,2.0
2.0463681363118607,-2.459726239797009,2.0
2.3621450960623664,-2.249076976668203,2.0
-0.08265382837256008,-2.4530323765651536,1.0
-1.6566739398386114,-1.8404577297393532,0.0
-2.228499347357257,-1.3904685500337979,0.0
0.11525439487395889,-2.114128584894921,1.0
-2.1588268129353216,-1.2655150018324186,0.0
-0.3586251045372393,-1.9747862296429108,1.0
2.160730699906889,-2.2295248236632297,2.0
1.6650531579982777,-2.0436911025897135,2.0
1.3257883443369058,-2.4698461158480134,2.0
-1.9254357945322966,-0.8687757018270337,0.0
-0.48395148727180637,-1.574334441396262,1.0
-0.3821687071604278,-2.048782386918859,1.0
-2.475913347439728,-1.5927704251080186,0.0
-1.7648014300538881,-0.9572418339876054,0.0
1.279556891171232,-2.56865685758147,2.0
2.087785660144365,-2.383912138839418,2.0
-2.1412329800533074,-1.6684979982152424,0.0
-1.6650364074352222,-1.153059565360893,0.0
-1.7397886211850335,-2.261332236991283,0.0
2.285926795236564,-2.1796663251304986,2.0
-1.7129626734630388,-1.09906059365094,0.0
-0.1764227059458158,-1.9266604813465866,1.0
0.454951324325216,-2.461407304308696,1.0
-1.6018741440642863,-1.0792237364710202,0.0
-2.0204973302084768,-1.6774186866873222,0.0
2.481912904275901,-1.6011558075802768,2.0
1.600416713687321,-2.247759510518687,2.0
1.7354161140027629,-2.6882650672001787,2.0
-2.1879361231869603,-1.3524132474096073,0.0
-2.3365151349746274,-1.5366402950299474,0.0
2.179726191783183,-2.0847949611194028,2.0
-0.21790528869391051,-1.8172565307672146,1.0
-0.790656879885741,-2.1594562103770665,1.0
0.15644653603808378,-1.737170418613834,1.0
-0.7288523282465911,-2.2197850344185546,1.0
-1.856536357827138,-1.4242260091480217,0.0
0.4573354949154659,-2.0866315875437893,1.0
-2.5830416559943195,-1.3776357162892863,0.0
-0.08023872706075222,-2.379109735069971,1.0
1.54583935802375,-2.361319837996533,2.0
-0.6247230917638885,-2.39274251776911,1.0
1.257147261903154,-2.887900171939666,2.0
-2.0974973449346046,-1.3918542746038876,0.0
-3.08651555867654,-1.1370646044450297,0.0
1.2395774109390356,-1.9453893227992762,2.0
-1.8226828298020807,-1.5888466170679925,0.0
0.059330045261230674,-2.269222940879871,1.0
-1.5371393317311215,-0.9784712540496889,0.0
-1.8702889075998503,-1.0124624830191933,0.0
-1.2495008635971518,-1.6616646995422633,0.0
-2.2072203455815074,-0.690619474530959,0.0
-2.411330565733844,-0.61676109843422,0.0
-0.02146865888302807,-1.692732892021487,1.0
-0.18206277064865756,-2.599883045885474,1.0
0.8497695679388166,-2.4828958210637455,2.0
-2.8118019622597434,-1.5925307471916605,0.0
-0.19584263914540098,-2.465120150945909,1.0
-3.0170899487458516,-0.6755121949638762,0.0
-2.0808240808822873,-1.0577735303608473,0.0
-2.1551608488361307,-1.8644562547982853,0.0
-0.31754473543832484,-1.5500023571958135,1.0
-2.8503098704436303,-1.082746180295619,0.0
1.4070339319124026,-1.4508787970699308,2.0
-2.2946727302895775,-1.908059892985635,0.0
2.153268660424737,-2.4723168527186146,2.0
-2.1935207508502317,-1.2382123875476827,0.0
1.2829023075572867,-2.6607468113896466,2.0
-2.2334770990696438,-0.8180210952856402,0.0
-0.864639976729452,-1.5448476223628518,1.0
-2.8734237760458163,-1.0572845857312785,0.0
0.09106152474092608,-1.192641649509095,1.0
-1.776940539094782,-0.9308905025891647,0.0
0.5593469471993907,-1.543062460629701,1.0
-0.07989250932497666,-1.8459214015993994,1.0
1.327748390420132,-2.0767597038705956,2.0
-0.08289483099556122,-2.1454922409614636,1.0
1.643085822612054,-2.3037958036902455,2.0
1.6579545436662257,-2.3509417965802246,2.0
-0.26773629702951096,-1.8905655483332995,1.0
3.203870589643633,-1.096367513210743,2.0
-2.039053496866604,-0.34728063775834084,0.0
-1.5757666651524889,-0.47930270004141107,0.0
-0.3097452119609854,-2.3594245669809455,1.0
-2.372194222927744,-0.27267689863614486,0.0
1.3966288406221956,-2.2249451800829165,2.0
-2.151269550010692,-1.0401236599412618,0.0
-2.0588908605442104,-1.6349078148254765,0.0
-0.6809000933777543,-2.890299902769073,1.0
-1.6526075956595752,-0.9910746454031822,0.0
-1.8015489185451499,-1.2906855763151315,0.0
-2.147109669424218,-1.322667588361768,0.0
2.116243051845144,-1.875234303100904,2.0
-0.973458263780246,-2.8443671192247098,1.0
-0.5567249522292697,-2.1545186983013824,1.0
-0.1194882908850581,-2.846708943172529,1.0
1.5282811286740465,-2.161469571979299,2.0
-0.17242233523930847,-1.9134802415494474,1.0
-2.0573556743478427,-0.5405908581913919,0.0
2.015957617680658,-2.019691287397322,2.0
-1.5734359134076863,-1.3197216759599648,0.0
1.9967043011266778,-1.2618997460738761,2.0
1.8056878621782702,-1.876956609727776,2.0
-0.43886265039104966,-2.243060735154577,1.0
1.3925216932636677,-2.109301013102788,2.0
-0.4342646899086471,-2.7048016810099074,1.0
-1.8623513221852617,-0.9082567088681517,0.0
-0.8569991059903956,-2.3871625254611293,1.0
-0.08411635504168326,-1.906830589009306,1.0
0.6407041930058541,-2.775210908440398,1.0
1.9522611910840242,-1.9185027688117309,2.0
-1.9917894289014035,-0.5591857413223801,0.0
-2.3170896292892316,-1.954189389670118,0.0
-0.7727316789782885,-2.3132446631533545,1.0
1.7258674214579997,-1.414834454838663,2.0
1.5595390979041948,-2.1698019433681592,2.0
1.764622383818632,-2.856208620957733,2.0
1.7392018906115305,-2.1600540183529713,2.0
-0.5299705469167941,-1.6086005447039364,1.0
0.037864446614027714,-2.3602515098191463,1.0
-1.9735708317310532,-1.284099946067391,0.0
-3.2041861958587066,-1.699238515914448,0.0
-1.894452042242654,-0.9597587129912419,0.0
-1.8818273451756093,-1.2278135203544798,0.0
-2.350333687743012,-1.4973935415457995,0.0
1.9833995185580027,-2.3281965784094463,2.0
-0.25782859675880165,-2.397400995950013,1.0
-2.3908669611923448,-1.6770866614757762,0.0
-0.6039587640746982,-1.5142687763347564,1.0
2.368296476015064,-2.2973545758334137,2.0
-2.1979777862399215,-1.765016718311538,0.0
-0.4797494163328218,-1.7575069746282983,1.0
-1.6995557142068685,-1.3096283047785846,0.0
-2.6427307149258037,-0.71708714178774,0.0
1.9634785472942637,-1.7437755050786152,2.0
0.12842587516488863,-2.352354524688163,1.0
1.773185723282536,-2.1537562095021103,2.0
1.5469824896816418,-2.543723799884487,2.0
1.9494422184386395,-2.02098924643284,2.0
1.5073730834649892,-2.5970523105207928,2.0
-1.7868446528878372,-1.1473221790125683,0.0
-2.31934914395891,-1.615904688676161,0.0
-2.409593158050932,-1.2586852889614628,0.0
0.6216855735133793,-1.805841145696749,1.0
1.4810702148976327,-2.829748514154808,2.0
2.0587419608212425,-1.8436141058834585,2.0
-2.7149798328722543,-1.2542186950768313,0.0
1.3421208108298333,-1.8601748748912597,2.0
-2.6981544799270347,-1.0212550824697213,0.0
-2.388212133077416,-1.071238351949074,0.0
2.0583630524845447,-2.363731160523246,2.0
1.5128801571112391,-1.2191760550623378,2.0
2.1840072967579993,-2.4803128193101602,2.0
-1.8252930631269264,-1.5345243786162213,0.0
-0.336455949393467,-2.1520300124336935,1.0
-2.1068030667428195,-1.6187163515797995,0.0
-0.26165892485762376,-2.0991121120661984,1.0
1.346208704820207,-2.092281228073048,2.0
1.3641253996806197,-1.8346868766776212,2.0
-0.3734207648998225,-1.4149996077518268,1.0
-2.7398354913269034,-0.4384759385536424,0.0
-2.49232409760738,-1.423393447027841,0.0
0.010302503654774559,-1.8481159730410641,1.0
-1.3887026193704508,-1.0816210413784737,0.0
1.1861637282758708,-2.0335151503465623,2.0
-1.779572349028433,-0.34130109077306114,0.0
0.1324648243620638,-1.8332698110781376,1.0
-2.1635508259610257,-1.4751693495651113,0.0
-3.1167370695272005,-1.229524697771547,0.0
-0.34703822401705153,-2.177821404564095,1.0
-0.35873779594380034,-1.962591893631456,1.0
-2.6829432119524244,-1.4718308521647534,0.0
0.005332159636978667,-2.0589206693040256,1.0
1.3080274655521915,-1.9129439870032316,2.0
-1.8916846830277942,-1.2361500148191367,0.0
-1.959449447336956,-1.068606921770114,0.0
-2.0005640503594884,-0.9668951564415461,0.0
-2.0751207003126173,-1.174074900803387,0.0
-0.024055113265463057,-2.265147676153716,1.0
-1.2631656930756856,-1.8194046402931503,0.0
2.1387960279232927,-1.6292992788861653,2.0
2.154974496137845,-1.6877813719500214,2.0
1.599123487456482,-2.200116992410301,2.0
1.369517950643033,-1.7299183184769737,2.0
1.6804315271744177,-1.2584795420495167,2.0
-0.7803571361159884,-2.8193839242599408,1.0
1.7340160849852628,-2.842128532110988,2.0
0.16287958239566114,-2.2081962004033255,1.0
-1.7153072688534083,-1.7315886985951054,0.0
1.2946695757234559,-2.368055022392012,2.0
2.1027587102239838,-1.7949914337287665,2.0
-1.8666524526119312,-1.188988363856513,0.0
1.701251705181973,-0.6514203480121239,2.0
-2.7401855061212657,-0.4687284682758849,0.0
1.5017852632932769,-2.4190871101643294,2.0
-0.7920996429729665,-1.8736133782253852,1.0
-0.4299323005103153,-2.687604611623634,1.0
-0.2974262208235744,-1.879727930978424,1.0
0.4438025378977144,-1.9262831323289964,1.0
-2.024049584261821,-1.1615337474160685,0.0
0.7417503437806212,-2.42449353919579,2.0
1.1919685706105712,-1.4176896447346023,2.0
-1.9786214921151946,-0.13391632484501148,0.0
-0.7587771110796457,-1.771046755079476,1.0
1.1777154549063038,-1.3564160040969444,2.0
-0.20512907782126652,-2.794446924140909,1.0
0.334352546457179,-2.4731686287767713,1.0
-1.311237728723814,-1.2737559103199445,0.0
-1.5844360564410576,-0.8966375946691516,0.0
-1.900082674932164,-1.2169302146606757,0.0
2.1241195294919963,-2.3012649957571947,2.0
1.8158826418748464,-2.0886872801303795,2.0
-0.4959328570484581,-1.7534929329225735,1.0
1.0463222523305475,-2.008759859846831,2.0
-2.294713320579412,-1.3310450350711214,0.0
1.8623543693012876,-2.324736070989228,2.0
2.3018752389417547,-1.9366733615087282,2.0
-1.4654466042836631,-1.077595487106755,0.0
1.4483190780469783,-2.2795762863981484,2.0
1.566271033316329,-2.099850611217532,2.0
2.154099325415653,-1.6064390529304462,2.0
2.132895197435491,-1.1044833003109646,2.0
1.6812698391227676,-1.3233684746140417,2.0
1.6855820294113877,-2.441995915398207,2.0
-0.24542560042863704,-1.8940333119387658,1.0
-0.28892950119519933,-2.290163450576717,1.0
-2.7334527091778886,-1.4736814288014601,0.0
0.26138676156460894,-1.5397865781336963,1.0
1.3184991097341774,-1.5736728272740148,2.0
-0.0240793735744214,-1.194588005110084,1.0
-1.782053227013714,-0.38411107157182933,0.0
1.8070879394054504,-2.559117744182735,2.0
-0.7381561071913227,-2.793616543358999,1.0
-2.273450610356436,-1.376876922310692,0.0
-0.5113692293560195,-2.3985530054137594,1.0
1.5247572245562069,-1.1207222872911362,2.0
0.9033777886048814,-2.406477993190836,2.0
1.7796051964748352,-2.411362934023728,2.0
-0.5484164448614186,-2.3124308131578384,1.0
1.9480086502375475,-2.1587855310409094,2.0
-0.11388283316907095,-2.2790453628298897,1.0
0.40333006863189425,-2.6256289781401616,1.0
-0.23347062177533712,-2.6356983932436284,1.0
1.1805344523895378,-1.6465900094101413,2.0
2.061422019435629,-2.102989584126219,2.0
0.10239588175043923,-2.2419531836621944,1.0
1.0638180833654023,-1.4978649162731408,2.0
1.6374116854211063,-1.921783667285165,2.0
1.1306418433838736,-2.267491190960545,2.0
1.190988085398632,-2.2251984127478535,2.0
1.6505870983205757,-2.2436605312404745,2.0
1.3934124737369689,-2.343602731388708,2.0
-1.845259613675582,-1.2140881347809924,0.0
-0.12735864815256429,-1.5624044503599777,1.0
1.5825439600782283,-2.257196824885122,2.0
0.41718939521849574,-2.2680877292213406,1.0
1.7088161828195179,-1.7404033262153336,2.0
-2.310047803670154,-1.4701657611977745,0.0
1.5260782622383033,-2.1569453104473526,2.0
1.0424701228269795,-2.0375985912867756,2.0
-1.8689092644053933,-0.8906954059116772,0.0
-2.1184379555075012,-1.7998823894104004,0.0
-0.46063944695615705,-1.7127799241696329,1.0
1.0931423104442404,-1.6181582804179993,2.0
-2.529615431691601,-2.022751174109945,0.0
1.5306905557334687,-2.522015340042271,2.0
-1.8830740506134624,-1.6788208556357922,0.0
-1.606598717114884,-0.9233368397211753,0.0
-1.9881013001823322,-1.6235031759471357,0.0
-0.11969177875225813,-2.1576064487614213,1.0
-2.15276413575015,-1.3125319104639779,0.0
0.15466677566820597,-2.2283323179492847,1.0
-0.6315247566044533,-2.133426383435265,1.0
2.010165342204053,-1.763789521247018,2.0
1.8411857792416857,-2.223991721928381,2.0
-0.2703627978656921,-1.797207989668114,1.0
1.7045794799297702,-2.207730108938402,2.0
1.2692883897565512,-2.3332947706324454,2.0
1.5172914387139365,-1.3198443096010326,2.0
1.5198243309871433,-1.5806139982243017,2.0
-2.120302705589281,-1.0768626250757638,0.0
-2.4530360836737066,-0.9656684327556033,0.0
-0.02649858130869867,-2.4760222001231567,1.0
1.0912882575270473,-1.968560861877826,2.0
-2.0913474639121428,-1.2578997868383106,0.0
-0.162612665964313,-1.9498023914743239,1.0
-2.260058346767897,-1.581226333576713,0.0
-1.8508416212983299,-1.2063543003889798,0.0
1.1977970625549945,-2.5035910966195223,2.0
1.4183299262445943,-2.65347859422886,2.0
-2.506138759433907,-1.4741316119594163,0.0
-2.1073673553212475,-2.02107795250826,0.0
1.3706126400720429,-1.7832918156650137,2.0
-2.5929189282647345,-0.9095592355237718,0.0
-2.0388544453767623,-1.295768153335552,0.0
-2.250427101398747,-1.1999814503295858,0.0
0.2703085436778072,-2.3143896578332765,1.0
-0.4347057180139934,-2.2165843891018064,1.0
-2.1444606537174615,-1.116669611357732,0.0
2.0294165799252917,-1.5128179516342874,2.0
-0.8482452564185722,-1.944294780562267,1.0
1.5495813243114385,-1.659372316834415,2.0
-2.5466601717418427,-0.8308499738883465,0.0
1.8388073599181785,-2.158217495399033,2.0
0.1428372503843615,-1.7070608008166606,1.0
2.018225669315317,-1.2380834418075568,2.0
0.14683946048676144,-2.278343777141101,1.0
-2.749698698685086,-1.87073262717476,0.0
1.6498911453768013,-1.3812903150622668,2.0
-2.5993685912749456,-0.8158776796811897,0.0
2.723475251823748,-2.093884006293304,2.0
-0.062397183040751966,-2.195366069039601,1.0
1.5974084610613506,-1.3572201837111586,2.0
1.9407681330570328,-2.5988326062155815,2.0
1.1111524206872139,-1.4893136326701262,2.0
0.21865399129494073,-2.4326791081373553,1.0
-2.2009347339711884,-1.134171794361746,0.0
1.017327287901221,-1.8502842128999013,2.0
0.22960892992457482,-2.2176811801285936,1.0
-1.9615111331370465,-1.20228953563578,0.0
1.6688976137619227,-1.7060911659496203,2.0
1.0958597210710161,-1.7918442855897,2.0
-0.04210072845489021,-1.8754005069575888,1.0
-2.4910329919269945,-1.3256886823817866,0.0
0.05389714916266106,-2.355276927050702,1.0
1.7803624327700949,-2.1827696509203016,2.0
0.2016262660902366,-2.107874398555216,1.0
2.1113505104460564,-2.3104363393294447,2.0
-2.804065333863432,-0.34021761262058814,0.0
2.2309673647456196,-2.0332937390797112,2.0
-0.1443255353311994,-2.3520689805019863,1.0
1.0089152834697659,-1.9754457716179334,2.0
0.10163044050801343,-2.0503066993208927,1.0
1.2287405619540999,-1.8203155222422527,2.0
2.1024011495736388,-2.0359665534420737,2.0
-0.7991405277677625,-1.9876240575388475,1.0
-0.7497934225509781,-1.7063856508822917,1.0
-2.640316904716393,-0.46020989619392727,0.0
-0.6059778091010447,-1.942388623954981,1.0
0.04064885569816648,-2.3117222624792797,1.0
0.4142266263506159,-1.745748958526151,1.0
1.41284982605638,-2.1877225781538443,2.0
0.08017905291183902,-3.1253240007966,1.0
1.7350036380333413,-2.8557295675783005,2.0
-1.7938491077417216,-2.3335292373294667,0.0
0.07487109622551485,-2.5963020097121894,1.0
-0.8904847541638744,-1.8434038470847578,1.0
-2.041119696352254,-0.8388111781369405,0.0
-2.1134501142063775,-0.6559489676684543,0.0
-1.8951402768568133,-0.716919878627645,0.0
-2.49641324635241,-1.82422810157465,0.0
-0.6708909778522445,-2.117576441236942,1.0
-0.3080439235350819,-1.960104045122313,1.0
-2.2956885555216777,-1.2151922335617462,0.0
-0.46708386871961727,-1.6059406173897126,1.0
1.4236241326776606,-2.038548094142036,2.0
1.9777710651352955,-2.176837111696846,2.0
1.6421014296496692,-2.0953614689823037,2.0
-0.4593301128119201,-2.485665913270557,1.0
-0.06466040328623404,-2.211016792196418,1.0
-0.2588363282009204,-2.460651316645864,1.0
-2.0801104326222775,-1.644353829897552,0.0
-2.278268891051281,-0.9166758121350862,0.0
-2.295857985837214,-1.573774528645367,0.0
1.5459124818747454,-1.9941261364528606,2.0
-1.1721873860359258,-2.1357870298022053,0.0
1.6277480061698388,-1.6528276315080082,2.0
-0.25561207689095466,-2.112112430629156,1.0
1.17391323332434,-1.4097283981991051,2.0
-2.447887481784485,-0.6231075487553253,0.0
-2.8265904655195997,-1.5309834934871107,0.0
1.5507331635872548,-2.251123380204497,2.0
-1.527658680291239,-1.4622898702949327,0.0
1.8843252930378354,-2.510759311380678,2.0
2.702451582782863,-2.1968054159939565,2.0
1.869442180014759,-2.37129912592145,2.0
-1.5635638078852967,-1.7061225550336765,0.0
1.279446271556214,-2.4371826312628597,2.0
-1.3717303224589221,-1.8510476643568934,1.0
-3.282011200841702,-0.7769647805413247,0.0
0.48060701765385616,-2.041302113874418,2.0
-0.18392915165240903,-1.6849059597478007,1.0
-2.180797992430303,-1.5328707341359198,0.0
-0.1676487552833616,-2.3061142325655095,1.0
-1.4690730811739052,-1.290853739377481,0.0
1.2467933127061013,-2.0731781159981666,2.0
2.1452170774901855,-1.7542790912739887,2.0
1.474175087044008,-2.145288454876595,2.0
-2.2538290131363174,-0.8855868056213314,0.0
-1.759493345632787,-1.2665731734776464,0.0
-2.1853747714148173,-0.28536022996574417,0.0
1.6758348835794399,-2.151751221315321,2.0
-1.828335297909652,-1.498068607773703,0.0
-0.0959165261777556,-2.1911620878088054,1.0
1.1253346470197165,-1.87316587951209,2.0
-1.7573035880781214,-1.636143426602071,0.0
-2.9517891832633696,-1.5016150623454436,0.0
-2.474215886840795,-1.257692008167573,0.0
1.2937949995873246,-1.191143781689811,2.0
-1.9564289344439993,-1.0757801882079243,0.0
-0.3365356272417177,-2.0393437365265012,1.0
0.32192570045600455,-2.734390331657217,1.0
-1.6958556257298079,-1.1108813256837045,0.0
1.4560996070487118,-2.2588996343820624,2.0
1.461749547684294,-1.8879341586649572,2.0
0.2625100714251866,-2.4009713159444943,1.0
-2.649062264778193,-1.43782223737535,0.0
0.24029308388159953,-1.2243067444255131,1.0
1.9663553671340408,-2.0312002612713314,2.0
1.3099753672991463,-2.1179462935512143,2.0
-2.109088572391962,-1.0863933626127749,0.0
-2.37807515967489,-1.6291903141971522,0.0
-2.772026170423414,-1.948725152347127,0.0
1.3150434508090791,-2.0865502549845725,2.0
-1.8234821479120105,-1.1269096081151933,0.0
-1.9968490789524673,-1.4773480814375322,0.0
0.09205662758024699,-1.8224529203465138,1.0
-2.8535756189207335,-0.4573482123609285,0.0
-0.43587890268132534,-2.2288299084964285,1.0
-2.642119127663781,-1.693736890827629,0.0
-0.2926204829424004,-1.9499859831413988,1.0
-2.42604235289162,-1.3965670961851635,0.0
-0.29108024414793443,-2.3782941462449663,1.0
0.23209557533020853,-2.2982701005067736,1.0
-0.0028593838142723232,-1.6991625046120824,1.0
-2.3578057610918335,-1.8044208157041481,0.0
-2.0114490044146764,-2.3466954730243046,0.0
-0.12439928572110723,-2.4155104195360706,1.0
1.6817573767621863,-2.2145506106044714,2.0
1.2278769203707802,-1.9707708971169708,2.0
-0.18449414671274325,-2.0704267957334026,1.0
1.3686191376282966,-2.4930250285575544,2.0
-2.257847370645388,-1.0595010700957255,0.0
-1.7947004968406832,-1.0755767383244892,0.0
0.07501899252364949,-2.6815475889473257,1.0
0.10332772593335796,-1.4917099424040896,1.0
-1.7196299168649012,-1.0392579919160594,0.0
2.0620962121742776,-2.034153528243089,2.0
-2.0432948093381165,-1.2927700561679527,0.0
-2.008501345200246,-1.3149290510735803,0.0
1.8482458696869866,-1.811878934752676,2.0
-0.647596294988312,-2.49817886474401,1.0
-0.3348844678041597,-2.6629395112281897,1.0
-0.34664018465306584,-1.509031881665805,1.0
-2.225447422942057,-0.7829018254125661,0.0
-2.0291644654254415,-0.9909037486963328,0.0
1.2439673195117633,-1.8175290760827285,2.0
0.12267428282292403,-2.8585538764177376,1.0
-1.6985161021554143,-1.4904198736557113,0.0
-2.5339868884240255,-1.2168802121351887,0.0
-2.5103957517928217,-1.3679261579817141,0.0
-1.894895932917509,-0.9189895271077757,0.0
-2.5117592215721647,-0.5085689304024605,0.0
-0.4287858819908972,-2.2091311484253704,1.0
0.9568509658496571,-1.7219959276953065,2.0
1.6788407685004227,-2.3147584720826675,2.0
0.26542732432829874,-2.731602050725015,1.0
-2.629467713273706,-1.2188319325902468,0.0
0.9981547745838046,-1.777254819539921,2.0
1.6045836058883893,-2.2524309017601083,2.0
0.06718211262784315,-2.4961029032841524,1.0
-0.2378660364954456,-2.572109751794922,1.0
-0.28626300855908493,-1.729066268204023,1.0
-2.351588757511739,-1.13138318046715,0.0
-0.3554844123100328,-1.8789849108042813,1.0
-1.8687714271129117,-1.4533114251548405,0.0
-0.3636560280345955,-1.8820051927132375,1.0
-0.13036827356222744,-1.7826396900252863,1.0
-3.1922634690043603,-0.9762109322775001,0.0
2.0319099020159186,-1.8726356519162055,2.0
-2.060827273077106,-0.6636386157379826,0.0
1.6040915229876946,-2.3575462705672035,2.0
-2.4823409512531773,-0.5429483876629599,0.0
-0.33778520958373626,-2.491331846694224,1.0
-3.0669091661354235,-1.0770587484175294,0.0
-0.4173371201998259,-2.765509769245224,1.0
-2.5847646793845147,-0.9650205631409936,0.0
1.7116100257319986,-2.2198485070111356,2.0
0.25193803749151517,-2.9108786483821696,1.0
1.385197216933711,-1.6175315627869868,2.0
-2.339993472320837,-1.1957727586803306,0.0
1.3144194399330331,-1.3128132317315462,2.0
2.1340683094454054,-2.552366714797011,2.0
0.18592309968791065,-2.225245063030521,1.0
1.740592074885339,-1.6676507403497352,2.0
1.5679539225660961,-1.7377216595743035,2.0
1.672882599020445,-2.6473992603611736,2.0
-0.276006453442987,-1.766971386236331,1.0
1.2105539776916152,-2.1564722869538357,2.0
-2.310980414715343,-0.4282695905456547,0.0
1.367979289850647,-2.5986887040915283,2.0
-2.407628609793973,-0.7878906966494971,0.0
-1.7204131738281259,-1.6696309737990136,0.0
2.835790788922372,-2.259980532966196,2.0
1.7631203522245564,-1.6458966042089576,2.0
-2.148999000758636,-1.1180673880060372,0.0
-2.4840143294315644,-0.9876109078801523,0.0
-1.5395214649041333,-1.5558585904749607,0.0
-2.077138932291236,-0.38479700622546686,0.0
-1.2673439623943876,-1.2545612311179015,0.0
-2.630111920607983,-1.380904000645587,0.0
2.324937031423043,-1.9392079549611356,2.0
-1.861989607829776,-1.9022976868994699,0.0
0.038833025475805,-2.4286658775895065,1.0
0.20220335708265075,-2.2203941877626066,1.0
-2.057341735071551,-1.0714981199851936,0.0
-2.661241750202796,-0.8999131798930255,0.0
-2.1084649274845786,-1.144785955973534,0.0
1.572030516749475,-1.476938729682184,2.0
1.307143866907824,-2.1810452624196484,2.0
1.7432251340790954,-2.6093354998733242,2.0
-2.331586664724133,-1.364320488474487,0.0
-0.4406285579219317,-2.108329095405916,1.0
1.6820206030814577,-2.733253209363729,2.0
-0.7057498975919705,-1.955947362607193,1.0
-1.798904144226282,-1.3077849313844523,0.0
-2.6466112457843405,-1.4403849121731194,0.0
-2.1773403873117507,-1.1732871031343552,0.0
-0.11248066700824376,-2.1456733235980927,1.0
-2.3740745833336714,-1.658410411474314,0.0
-0.20010565460919433,-1.9140535557453373,1.0
-2.590488728697566,-1.8056655453252346,0.0
-1.1566079838950614,-2.483832232164802,1.0
-2.529254167148199,-1.0828973713099395,0.0
2.532617072848856,-1.4636961317605608,2.0
1.4727091673476833,-1.9495958552892947,2.0
-2.1893491269348226,-1.149455308150775,0.0
0.3143337304737334,-2.163964149159748,1.0
0.03433074865972546,-2.611138430417911,1.0
1.8939191857597264,-1.9820114290701325,2.0
1.9059938303930384,-2.716932488533182,2.0
0.002659674215241409,-1.985922565519074,1.0
1.7328538187503175,-1.2876034916660235,2.0
-2.9455794650093314,-1.1621469317361128,0.0
1.5358319663276223,-1.8269214697557328,2.0
-2.51555781669261,-0.47363238921403084,0.0
-2.583660526796832,-1.8096548739278238,0.0
-1.597726541517932,-1.0702991659299674,0.0
0.15572566302754004,-2.079514304918252,1.0
-1.95738707433242,-1.1105043315583718,0.0
-0.06826503015788976,-1.375454332995039,1.0
-1.8721922089888758,-1.7132363525351388,0.0
-2.63400964634707,-1.3625752709039216,0.0
-2.1668675343824004,-0.5233101728913102,0.0
-2.546219635131309,-1.0644151891931068,0.0
1.84877197170088,-2.102147788778958,2.0
2.0343761713866844,-1.580926165815646,2.0
-2.3172879786651435,-0.8624213540913861,0.0
1.7083902457623485,-2.371093851921445,2.0
1.5056225000409897,-1.8551544273518745,2.0
-2.3753895976982777,-1.7099112441026092,0.0
-0.9965602938972353,-2.360688648497383,1.0
2.112260922560336,-2.477862914939312,2.0
1.666165732260372,-1.867120241225824,2.0
-0.36375453053254936,-2.198012150909462,1.0
-0.04910664098727324,-1.427800416824594,1.0
-0.14910269927491918,-1.9975960585341328,1.0
2.0007586485801387,-2.302121878447911,2.0
0.19890860650650743,-1.6768559908642962,1.0
0.8555042018107589,-2.193310871173918,1.0
-2.097731862967688,-0.5692811573381014,0.0
-2.275725720955089,-1.3105562839696214,0.0
2.004182067730544,-1.9068334098549746,2.0
-0.5817482535008103,-2.6332166258977954,1.0
-0.034049305761879145,-1.4631286588092194,1.0
-0.6064817626991834,-1.942011076534269,1.0
0.3589523647448505,-2.671270386277715,1.0
-0.09798094294954161,-1.7977868225601457,1.0
0.30722996499092337,-2.751899109338581,1.0
-2.7406919062637414,-1.434986323798522,0.0
1.1450034124487969,-3.3793557641820717,2.0
-0.84708836127144,-1.7766740755851538,1.0
-2.458909298091446,-1.5628555658752754,0.0
-2.588319341884871,-1.5804896459221103,0.0
-0.8170981104393059,-1.8733315149983079,1.0
1.6464820916030056,-1.7619517636333097,2.0
1.3484980865955913,-1.3773443289122864,2.0
1.170883817997188,-1.3577750223392129,2.0
2.141779309203925,-1.9936416888387125,2.0
1.5462096275566095,-2.422207773437729,2.0
0.9783149446404353,-1.6902288191960824,2.0
-1.5118135697877046,-1.1719672682587108,0.0
-2.977630193790633,-1.453440223803445,0.0
2.046881901789173,-1.9901478106395745,2.0
2.137843646743061,-1.739027790481919,2.0
1.3223777150915528,-1.8940359803391646,2.0
1.2715613163370607,-1.6332037651532552,2.0
-2.091880626692742,-0.8048842830627383,0.0
1.145929486421411,-1.7192205462444181,2.0
-2.4590437555274867,-1.5950881313793208,0.0
1.4476812238432493,-2.0888970210563023,2.0
0.010636016557700606,-2.344681294501722,1.0
2.1350958472555845,-1.8828343419770512,2.0
-0.19848997791926848,-1.7789811898659234,1.0
-0.19814967816205198,-1.7503291075788467,1.0
1.317744247461293,-1.2953052015086908,2.0
-1.7912992199004243,-1.202637873899568,0.0
1.4328292576694037,-1.8335046123388263,2.0
-0.24608609258097286,-1.7129567009469544,1.0
-0.7210938409821909,-1.5103726229406575,1.0
1.6944744529327853,-1.2310866868612562,2.0
-0.23219159917851634,-2.307471761613117,1.0
1.27773079464831,-2.5334711157317815,2.0
1.4949746184113937,-1.9476475235278077,2.0
-1.6169629239818364,-1.3588976718232735,0.0
1.8120885368468955,-2.5723535222165532,2.0
0.26846679249640026,-2.1430744594135094,1.0
-2.5136872659644123,-1.8542933303223594,0.0
-2.085081306420291,-1.1987706776524771,0.0
-2.2813357564949515,-1.5215495567923996,0.0
-0.9206954722837851,-2.725051666469588,1.0
-1.9803081951018398,-1.1782785379016132,0.0
-2.234134349136255,-0.33496897153436056,0.0
1.7807891532199804,-1.3943142020486283,2.0
0.07936224293769545,-1.583166704195731,1.0
-2.2816406806770635,-1.34148916318726,0.0
-1.6434127921500985,-1.5906258978736119,0.0
-2.150685831866213,-1.9553500790495328,0.0
0.07450309750550124,-2.4040011898178024,1.0
-2.6217978661734263,-1.5299294715995744,0.0
-2.0883913379875274,-1.0252413676624204,0.0
-1.533959240903735,-1.3410874231243528,0.0
-2.194502163124273,-1.364675608025724,0.0
2.2002649120617743,-1.4164828492559187,2.0
-0.7668830977636665,-1.525342577850913,1.0
1.5172058352129372,-2.3636872167577776,2.0
1.4428237119038039,-1.7398471213321718,2.0
1.8723223660655592,-2.233272410902738,2.0
0.48738525459225834,-2.071849383533387,1.0
-2.2183331607221564,-1.5097296520523846,0.0
1.3528947583562785,-1.9865878236774206,2.0
-2.473664954223028,-1.1170527474949379,0.0
-1.5657363096414465,-1.0164055447706106,0.0
1.9424226774789248,-2.17525101527951,2.0
-2.1957181035089874,-1.2805804809701142,0.0
2.076137297176906,-1.607457848120757,2.0
-2.5500629806334807,-1.1398809880689913,0.0
1.2614281741003226,-2.368689223447532,2.0
-2.0303554983981855,-1.0859641570394096,0.0
1.8974107315524282,-2.1822633109424814,2.0
-0.12515461638431963,-1.9591664433329894,1.0
1.090216119359737,-2.0063595605050035,2.0
-2.0820822770672858,-1.2730085797333064,0.0
-1.9262966655782656,-1.7742570606868613,0.0
0.9593304265641917,-2.766245209063892,2.0
-0.02850610013169054,-1.6577150256701896,1.0
-0.04789608721938082,-1.8302530083647346,1.0
0.3482601371134113,-1.8212696115099938,1.0
0.1765585876056488,-2.4641037621555157,1.0
1.6017604961050314,-1.8511188625355965,2.0
-2.3474365955877654,-1.349800568527448,0.0
-0.1662727864039546,-2.5293846371853363,1.0
-1.4612041182813953,-1.3949196483552895,0.0
1.2325707333079876,-2.4039575349221467,2.0
-0.06411689558396502,-2.258479005827033,1.0
1.4953879602484221,-2.0422800302851205,2.0
-1.9900719056148701,-1.1984999122885935,0.0
0.4796680541344558,-1.4262411788169147,1.0
-2.37492841537139,-1.412888091098119,0.0
1.7175437457937675,-2.2200064496474896,2.0
-1.641324042672393,-1.3065386875323974,0.0
-0.7615668360024842,-2.107539591144048,1.0
-0.4941170118180027,-2.6893638769977204,1.0
-2.028520983800968,-0.9550291031768651,0.0
-0.2069719065113899,-2.178431212724524,1.0
1.8033202331051073,-1.1781923533779135,2.0
1.3537611930734286,-2.340318213852008,2.0
0.37811000117914373,-2.9434824694895276,1.0
-0.23400078521437534,-1.8138198723557577,1.0
1.8042309045721547,-1.585500216400802,2.0
0.9998781869097134,-1.370442869209992,2.0
-3.234736437869425,-0.995130560709892,0.0
1.7721967343082745,-1.804693815498964,2.0
1.5418597481706489,-1.725255376169788,2.0
1.6115735415792656,-2.6430122221076457,2.0
-0.4224565556996208,-2.172433378343054,1.0
1.7455240759494224,-1.414434359812824,2.0
-0.09754799482700735,-2.2177389181793425,1.0
-0.448474698611085,-2.550478072041015,1.0
1.9941800771743008,-2.0163770525615847,2.0
1.5596853399186867,-1.9429665787532553,2.0
0.2784512289247699,-1.8977895246115841,1.0
1.9198972937174141,-2.212925541338989,2.0
-1.7385171288874528,-1.4902087658333998,0.0
-2.5227317942047587,-1.330099013490843,0.0
-2.2913810932611396,-1.5019018080444413,0.0
-1.983713448959908,-0.543306771379359,0.0
-0.06312015236073867,-1.6922011221938777,1.0
-2.658242947307989,-1.3596438255954126,0.0
-2.0477350442869904,-1.7888917572792753,0.0
1.571027391069805,-2.4945500093535973,2.0
-1.6410619215160025,-1.1555253449424605,0.0
-0.29646851205360314,-2.3639647003107442,1.0
-0.526716770705117,-2.508105169014056,1.0
-2.4872767514039595,-1.6005784190637753,0.0
-1.84293882376616,-0.6936789537818506,0.0
0.028741676265226584,-1.7049437357966246,1.0
-2.156265253906669,-0.9304974073605629,0.0
-0.4945524921432724,-1.543967798401858,1.0
-2.473252633216982,-1.7181389780606,0.0
2.2291821034971173,-2.3708113230629686,2.0
-1.9045143098579629,-1.4219462854090656,0.0
1.7625373273989233,-1.5464445468947903,2.0
-0.571767507317961,-2.1229471735624768,1.0
1.5205509156954131,-2.054138857011816,2.0
1.4362695650359505,-1.8138380702886996,2.0
0.312679110758306,-2.546524858935347,1.0
0.9232418525880242,-2.4078177489474624,1.0
-0.14913268357620701,-2.393244716437755,1.0
-1.7843603382041446,-1.0344312066970534,0.0
1.5305124687605602,-2.0835535521739557,2.0
2.1162754164932127,-2.082271567479919,2.0
-1.9486824707868093,-0.8806688155210323,0.0
2.104582403108966,-2.247798832060389,2.0
1.6372217971457887,-1.824095499226949,2.0
-2.0272657828423246,-1.2954850972271388,0.0
0.042821957551185064,-1.7390548689379066,1.0
1.7776966994841001,-2.323468680547841,2.0
-0.14502074240508572,-2.446274720335681,1.0
-0.311984955282413,-2.453825797611204,1.0
-2.075234438728172,-1.3855788369751656,0.0
-2.331690560470466,-1.4250487883255336,0.0
-2.54416390698848,-1.7428857100945545,0.0
-2.6371274789840715,-0.8773277756719695,0.0
-0.34530745610200764,-1.7920118783521208,1.0
0.4970579270043556,-1.86349798718983,1.0
-1.4779790679030753,-0.9638579277099681,0.0
0.9083979406770909,-2.0822293716725895,2.0
1.191648424882831,-1.6670781229841598,2.0
1.7650548610246468,-2.2968764952776635,2.0
1.5357010891745666,-2.274526065865363,2.0
1.7145029659929385,-1.871589247865683,2.0
-2.5382694505983467,-1.1366597196228954,0.0
-1.2458688051759568,-2.5841982463545183,1.0
-2.4223025665273603,-1.4300692178379595,0.0
1.1279131041888415,-3.0525168175208277,2.0
2.1300027274229265,-2.1318580779762533,2.0
-2.3157072549833764,-0.8118243160025036,0.0
-0.2966714044778625,-1.5587383095425515,1.0
-0.19028966535254305,-2.1434105908057295,1.0
-2.1983641848005813,-0.5523212817938976,0.0
1.4769038855426455,-1.5168636858678433,2.0
1.905424744885004,-1.8466268376796018,2.0
-2.307344480221901,-1.742927535287706,0.0
1.6311172370700961,-2.0982029383378373,2.0
1.844932240988383,-1.8206983367479235,2.0
-2.3280231419305832,-2.456115592373615,0.0
-0.3791598612669784,-1.7676965704115633,1.0
1.5091928918729098,-1.759362928258407,2.0
0.21522458759010377,-2.44447815396102,1.0
-0.08475520232768627,-1.8931639680756318,1.0
1.5319352848995909,-1.6812801279055702,2.0
-2.0020353937615756,-1.0186661416117784,0.0
0.052150759679424064,-2.0214696484693357,1.0
1.8500280592536364,-2.2655829461689083,2.0
-1.6399544642875354,-1.2781709649406041,0.0
2.032698921921057,-2.961970734779166,2.0
-1.9150149322316918,-1.884440788177978,0.0
-2.7490436223000776,-1.721875568102985,0.0
1.154996364925574,-1.8228020565444145,2.0
2.1662275373205615,-1.8074836894695083,2.0
0.18252057194051846,-2.2773595126511825,1.0
-2.7496814224960837,-0.9175391907176333,0.0
-0.36652350693773195,-2.568650103024158,1.0
-0.45786209947929635,-2.039892822029635,1.0
-0.3233058836373553,-1.6221973922241344,1.0
-1.100013429499014,-1.6628586539251984,1.0
-0.04770226452579296,-1.589891642084154,1.0
-2.3451289633593837,-0.49795287906190755,0.0
1.6604148816656907,-2.180909944713048,2.0
0.95357468282464,-2.2539191720118685,2.0
1.3764212896474555,-1.5520116562316026,2.0
-2.7873863484485786,-1.2123535727735117,0.0
-0.4207458068233497,-2.259212464109814,1.0
-0.5078509251294356,-1.7032396160764458,1.0
-1.7940802949825712,-1.3446962689477835,0.0
1.9731061637884908,-1.4565918697375329,2.0
-0.44369780834179195,-1.4896017571698148,1.0
-2.0554193405592036,-1.0725100422751745,0.0
1.3065882335305008,-1.9205495521356077,2.0
-2.3893523322778414,-1.9914927084454235,0.0
1.4895223349612254,-2.1536029893372883,2.0
-0.798879269368848,-2.3085951821301256,1.0
-0.11798144050798422,-1.9793781718776629,1.0
1.6022540181691578,-2.5861096794355865,2.0
-0.15731233099676795,-2.390372092117489,1.0
-1.7983281930250072,-1.1016723769331396,0.0
0.017293720470322238,-2.2997429858826024,1.0
-1.841244654845034,-1.0251870238393663,0.0
0.7504597857098633,-2.1967376720066554,1.0
2.1398656818472275,-1.5127737558070475,2.0
1.1222742905026735,-2.1452631615496958,2.0
0.7604233974784689,-1.7297987648042656,2.0
1.7258947008375698,-2.387188286230726,2.0
-2.3695084762637535,-1.2675803635257807,0.0
-2.448894686563275,-1.2975121865847126,0.0
0.053821976934999766,-2.0665404795344484,1.0
1.1591275814039035,-1.590783507191427,2.0
-0.49284796184433627,-1.0516541893154137,1.0
1.7920507609617018,-2.20791754566671,2.0
-2.1804367846793093,-0.8059804792086487,0.0
1.6841478094531155,-2.623495912217037,2.0
-0.03889149876342696,-2.5113746863927306,1.0
0.2025480632204676,-2.05263011474552,1.0
-0.06936202569739852,-2.4518965595514706,1.0
-0.04539188805719646,-1.313335710283154,1.0
-0.843853531977519,-2.429729746413635,1.0
-1.2178096327251517,-0.8598665756574788,0.0
2.1155851715987417,-1.6666854035510195,2.0
-0.5687787072737296,-2.327835717993083,1.0
-2.444671901765615,-0.5738380519776954,0.0
-2.3258158814109873,-1.4417754663070959,0.0
-1.8784039718585717,-1.2638537205114375,0.0
1.4067985783866392,-2.90463790882105,2.0
2.013656787029264,-2.0455383901646065,2.0
-2.131977555584786,-1.004476898552327,0.0
-2.346743351391588,-1.165122998766516,0.0
-2.0742203582766794,-1.5931464733950966,0.0
-1.709393930473121,-1.168656603856498,0.0
0.558939281725108,-2.0826972220214786,2.0
-0.04295303572653003,-1.6442149562976636,1.0
1.4666626682842985,-1.9858269881015704,2.0
-1.8894231338140957,-1.8359301769564509,0.0
-0.10942420347678554,-1.8582027774231662,1.0
1.8458694024398423,-1.8290470763788278,2.0
-0.07222298350430667,-2.9010547141488865,1.0
-1.7623513084352593,-1.458674639820336,0.0
-2.492431408340265,-1.5134782815537247,0.0
1.9807265651631796,-1.7855761305004276,2.0
1.7391371427638473,-1.3268928836088185,2.0
1.995673410129685,-2.3727084977013413,2.0
-1.7309538073825792,-0.7184495815231559,0.0
-0.18953710033038323,-1.3910489556312808,1.0
2.0190027725838284,-2.0920077389351834,2.0
1.551111346350969,-2.3563586322269243,2.0
2.1656563523616548,-1.4412846606062983,2.0
0.3883943286873386,-1.8696498811644382,1.0
1.5100755962126224,-1.8724482769318707,2.0
-2.224548166538104,-0.8065608480631392,0.0
-1.8617663517096887,-1.7112106265309714,0.0
0.22676829094607648,-1.8546586670997123,1.0
0.44763941716044486,-1.5239428094091427,1.0
1.6945698815126224,-2.181660359199387,2.0
1.118877178304652,-1.9564706751112417,2.0
1.575254050228801,-1.5155833905650926,2.0
0.09495506109928478,-2.1084685070528675,1.0
1.388332435828421,-2.293767701962709,2.0
-2.466892741227254,-0.62045253229095,0.0
-0.20036731867129887,-2.579162472896602,1.0
1.8082600888623812,-2.0998213199292604,2.0
-1.7312037043158834,-0.9755528781646052,0.0
2.1528312451801064,-1.809983217481442,2.0
0.09873190673708218,-2.53430671413153,1.0
-1.961756878458027,-1.3062769029425436,0.0
1.7384351614350293,-1.5405955801534499,2.0
-1.8207344380357964,-1.283701357848535,0.0
-1.8694709558793368,-0.8115321736144464,0.0
-0.14904284002074564,-2.455295997324299,1.0
0.14365894299509235,-2.4984954517385063,1.0
0.10345624303265752,-2.326306089594421,1.0
-2.661716206429375,-0.8506799104335503,0.0
1.4911930409294685,-1.290925595057831,2.0
1.3406853728586863,-1.518485634206315,2.0
-0.0069573724985265845,-2.5483358603882302,1.0
1.416117227290321,-2.0270579749028417,2.0
2.3010202500293038,-2.1879407643008406,2.0
-1.8627983208853913,-1.2898342639669753,0.0
-2.4908365024879675,-1.1413433665568689,0.0
-0.14069488223445284,-2.4884016020612156,1.0
-2.697430506875337,-1.4222922123795279,0.0
-1.8652685614573152,-1.3450074645373968,0.0
1.609770198268565,-1.892356280938295,2.0
-2.5534455428678395,-1.376051080733399,0.0
-0.4594322376195792,-1.85194410038954,1.0
1.8920398049979164,-2.225259749270317,2.0
-2.7039522045085294,-2.0251082463680525,0.0
-1.2128594315483174,-2.547469176558398,1.0
-0.4095019880634469,-1.6576458277479582,1.0
-0.011071446165526286,-2.232579514874655,1.0
0.5937797232106997,-2.190564052482529,1.0
2.0221698458494,-2.1019237053366284,2.0
2.223775929556068,-2.3176988059939156,2.0
1.7308349360057185,-2.507736698874089,2.0
-2.690542231535965,-0.7272282320511693,0.0
0.04732076815898503,-2.168785114414566,1.0
-2.1770106240126097,-0.9090959956437199,0.0
1.184943250510548,-2.4909119009867773,2.0
-1.4240443466107418,-1.6285695224042087,0.0
-1.7530581924696524,-0.9980425599031707,0.0
2.0856471860668866,-2.0125187031127045,2.0
1.0752167198224396,-2.1090489155530525,2.0
-2.4626854061886068,-1.1590354101621303,0.0
-2.205113783678491,-1.4633787837745085,0.0
1.6073882363541565,-1.8512245240045742,2.0
-1.6226719401542802,-1.441595667309036,0.0
-0.5134559517490278,-1.5383017334064994,1.0
-1.961762847195498,-1.4526917178768692,0.0
-2.710237711722377,-1.542287725756268,0.0
-0.07872165620073293,-2.327770707440777,1.0
-0.24736871585862832,-2.2842182609351527,1.0
1.671153181065736,-2.0483271206592786,2.0
-0.08305656468838572,-2.5061313646963312,1.0
-0.3044944910614712,-2.8065035803428926,1.0
-2.5595093708485224,-1.1117314886473149,0.0
-1.7910321756604928,-1.2982012537727234,0.0
0.15016487065063028,-2.088885571081381,1.0
1.9139803424780766,-1.6950942744822566,2.0
1.3698067980621962,-1.9794281541469492,2.0
1.1988642484793508,-2.179929251490877,2.0
0.11313243725764557,-1.643167771231324,1.0
1.6840365124245333,-1.6117155352727341,2.0
-1.8424332578508102,-1.2355413119339,0.0
0.9976403478366709,-1.860403657539327,2.0
-1.7101349167574806,-0.8058109336389159,0.0
-1.3057731629584528,-0.7030471906790875,0.0
-0.4315187254047048,-1.5962239415756572,1.0
-0.315057728150971,-1.5996469781533462,1.0
-0.1127690534030248,-2.123581890059337,1.0
-0.5632561774082765,-2.5459871202517226,1.0
-2.0565300671138167,-0.9941208366634641,0.0
1.976200622459742,-1.2596134298460118,2.0
1.7091207993743525,-1.6444917660158946,2.0
1.9077864674772373,-2.52627423433301,2.0
-0.269432939715218,-1.8652435410595007,1.0
0.13022192757891043,-1.9728186384174493,1.0
1.57610738464431,-1.9371652613065646,2.0
-1.9209749622598538,-1.8784814326963435,0.0
-0.1144890386746366,-2.154562541670261,1.0
-0.5479771449398836,-2.3312224904728973,1.0
2.241631381937322,-1.55209484823922,2.0
-2.069946140503067,-1.400864254069603,0.0
2.3205159500367976,-1.7949468071649324,2.0
1.723432184895652,-2.4044128698600167,2.0
-2.286669627052422,-2.0371141606869934,0.0
0.011983254695459494,-2.1981989225991887,1.0
0.16588226218890306,-2.124390600386833,1.0
1.1541132558480682,-2.2017488864766395,2.0
-2.5891688891295104,-0.753200254580564,0.0
0.06152833160080426,-1.4228958342508933,1.0
2.5558459552322965,-1.846615684400598,2.0
1.6202843883445603,-1.9119398260051317,2.0
-2.038836840160979,-0.8579597810303501,0.0
-1.664102880743266,-1.0378590770661806,0.0
1.5070616183712469,-1.750377460404388,2.0
1.3692926120325355,-2.0904846887135875,2.0
1.0296880965956676,-1.6639688893134141,2.0
2.1815850063891924,-2.597092032686954,2.0
-1.879431317799714,-1.18606520615068,0.0
-0.08935720482064621,-2.160489870705356,1.0
-0.7774754888806847,-2.2294174036659875,1.0
-0.4646168348967357,-1.457028460428379,1.0
-1.5184285716578199,-1.086554702561357,0.0
-2.195888792990062,-0.7339915186093188,0.0
1.3132492744165998,-1.890626789945307,2.0
2.2403414767595295,-2.573243195129576,2.0
1.4496701660609164,-2.431916347773463,2.0
1.3890882163435974,-2.2760312305398096,2.0
-0.3889647678602066,-2.0236216107493554,1.0
1.973508641333272,-0.9573450813258899,2.0
1.6755832181466703,-1.9401730972053144,2.0
-2.5431301436804574,-1.309094007288576,0.0
1.6848765032897868,-2.615832388160322,2.0
1.6550706555936894,-1.703317789907984,2.0
-2.0299409000729773,-1.2987681398718078,0.0
-2.1064438357754613,-0.6122964724420725,0.0
0.05793617286905295,-1.7238917797955724,1.0
-0.16425217030164377,-2.4634741817437553,1.0
1.1252704265229294,-1.7042159461053583,2.0
2.1063895282495406,-1.780347223480378,2.0
-2.1940553500568867,-1.394145191323251,0.0
1.669225694701693,-2.8409930213123653,2.0
-2.410529117439923,-1.6840171648378022,0.0
-2.18439525580879,-1.8499797694134414,0.0
0.005562350071524724,-1.5155770265317847,1.0
-0.4833139899836024,-1.8894972255221185,1.0
1.9550902800649066,-2.176768366857722,2.0
-2.2877243372114666,-1.934067493797205,0.0
0.9957465530119487,-2.4452184739912073,2.0
0.638749364403572,-1.4432792279462185,1.0
-0.7675635615992047,-2.6580498921380817,1.0
-0.4680687350380292,-2.0546466124453184,1.0
-0.5274024289874282,-2.4374484079625636,1.0
3.0058362433010117,-2.6265156244043775,2.0
-2.4725493291429688,-1.1825824400923055,0.0
1.5517154265621436,-1.7568497366026326,2.0
2.0920906454911163,-2.1894075493499163,2.0
-0.21543667372485403,-1.3385061827374996,1.0
-1.5579558569273457,-0.6499148624935304,0.0
-1.7554289665193716,-1.0460202808143528,0.0
-0.13962660298577032,-2.142517796332268,1.0
1.4108836617364782,-1.5885367361580394,2.0
2.0390119248590914,-1.4060625766494583,2.0
1.2305908068487272,-2.140928428572404,2.0
1.0968407722536058,-2.0502711887886402,2.0
1.7813088450341545,-1.6714337416785476,2.0
-1.9396589435791773,-1.0977965876563747,0.0
-2.461306494056162,-1.7910039526116666,0.0
-0.36424786682586585,-2.716844191798136,1.0
-2.843554828868502,-1.5932469136918244,0.0
-2.0856755231066613,-1.721087831946933,0.0
1.275652263914423,-1.7434718855284133,2.0
-1.9404312160247523,-1.3209778726848422,0.0
-1.8256596793182027,-1.559559866708792,0.0
-0.10692134344373916,-1.3650899441806592,1.0
-2.3126651071721223,-1.7876388878208518,0.0
-2.1661747492152017,-0.6099545246392826,0.0
-0.24499034942397435,-1.758624816464757,1.0
-2.70477093123183,-1.7763453727726666,0.0
1.0374221145768276,-2.1058754957029033,2.0
-2.352699687676971,-1.2032775810798906,0.0
-0.6101348123028815,-1.9953206559679721,1.0
2.043098828685408,-2.6538478411895667,2.0
-2.4865352444744753,-0.7998030205688078,0.0
0.5644908244476332,-1.8236219858369354,1.0
1.4815536715912914,-1.5110240912192552,2.0
1.5590821638251,-1.980533749108229,2.0
1.0378372990572653,-1.8365788072666955,2.0
0.46898255366071007,-2.958384484939534,1.0
-0.6022908192088872,-1.9687221098964984,1.0
2.0288550362078297,-2.6250210332018087,2.0
-0.1889636009220887,-2.4416114750081603,1.0
-1.9701362466408168,-1.582565170354939,0.0
0.07573221570378405,-2.1312682670576715,1.0
-2.626988524841438,-0.9236753619574443,0.0
2.356553416152704,-1.5261452712789922,2.0
1.2256142238172907,-2.3102653091803016,2.0
1.8531675725967358,-2.775029286225658,2.0
1.8187481685298814,-1.7112343494659497,2.0
0.5795187651486737,-1.8071902122588133,1.0
2.0697288152451074,-1.9383431911722835,2.0
2.115628881291616,-1.3935036397990312,2.0
-0.23658032794048367,-1.8968949643313273,1.0
0.24563563456756704,-1.885595725473844,1.0
-2.1626427341339034,-1.1978765876413597,0.0
-2.3308471543758786,-1.089636015314637,0.0
-2.8282536600829724,-1.4000870889575772,0.0
1.8809846808815025,-1.7178792998146784,2.0
-2.526181841722774,-2.029976957743215,0.0
-1.929019509037862,-0.8794359762331148,0.0
0.07767992459208384,-2.3577186664233327,1.0
2.028289477284637,-2.2814509770874487,2.0
1.7481517186096005,-2.0265522933466085,2.0
0.4740983251085539,-1.88272159670673,1.0
1.7041180841105072,-2.166333597403585,2.0
-1.7870484462107574,-1.4042580034283214,0.0
0.3100308403674863,-1.8131066644681,1.0
1.9397417616456785,-1.6888952781118924,2.0
-2.3702805229476507,-0.46584554892685004,0.0
-2.316944960427403,-1.1749768283446989,0.0
-1.5238458350706385,-1.5674220189847783,0.0
1.7962778833226947,-2.459452092569576,2.0
-2.358613217857447,-2.1182348846538677,0.0
0.2274647530205814,-1.6956327999133323,1.0
1.4686984460220727,-1.5385008779394822,2.0
-1.9351156143769208,-1.3832018944419604,0.0
-2.4495982042151616,-1.3538172107751911,0.0
-0.14260564476964807,-1.3250036756390031,1.0
2.327390094976084,-1.7967515106551941,2.0
-2.2676026592519705,-1.5889345075776737,0.0
-0.47253270456565244,-1.8462721773775894,1.0
-2.868010021794421,-1.7589554720985707,0.0
-2.816626681693909,-1.322754482539232,0.0
-2.4320309756255365,-1.3940397205286847,0.0
1.5030937697315347,-2.5901293991389895,2.0
1.6631635201406696,-1.8497822256886318,2.0
0.14139917260854357,-3.1226502625550028,1.0
-0.5412273778533296,-2.2350697270756537,1.0
-2.74963596826406,-1.418598480681281,0.0
0.2226148513082329,-2.0351559718398917,1.0
-0.7251190362106998,-2.4362301339587806,1.0
0.249730400682324,-1.8006961259904255,1.0
1.2652799759048439,-1.706473790098924,2.0
-0.15045228133509134,-2.74080068958976,1.0
0.9472406504883286,-2.1891518833195764,1.0
0.6595031099267347,-2.1377239811899775,1.0
0.6334852056339861,-2.4287429330756187,1.0
-2.4879822073931868,-1.4503007336582263,0.0
-2.975819670368612,-1.0017769282237547,0.0
-2.5488149390004464,-1.1424171113207195,0.0
0.11666701035780214,-2.760661918820686,1.0
1.9432403094057125,-1.294060057177251,2.0
-2.340932863643875,-1.5696442094688292,0.0
0.17243372038406324,-2.024684731069385,1.0
1.8021687677835352,-1.8772019007177043,2.0
1.5035916470780004,-1.8260473447403294,2.0
-2.2128049392686058,-1.6328591474511382,0.0
-2.094487193861164,-0.8854538907828001,0.0
-0.3209189733581783,-1.8453076210447052,1.0
2.426628979093228,-2.4261721617652987,2.0
1.8057154989788602,-1.622775826734175,2.0
-2.8042429016047614,-0.9935066188107623,0.0
1.9747191121614265,-1.6682353229653302,2.0
-2.325019466343239,-1.1999177347268148,0.0
0.17703218628308365,-2.6674425727505735,1.0
1.5955088429140374,-2.2010216833463065,2.0
1.5258268551825214,-2.021348750856849,2.0
-1.9935222495725584,-1.1041886395039375,0.0
-0.14282744290950092,-2.0047753157458033,1.0
-2.1291046766365236,-1.1840932014074539,0.0
1.753233487191764,-2.86981602066924,2.0
0.22952959202931567,-2.1309320760131714,1.0
-0.20022358103913163,-2.5231275681993957,1.0
1.046650810886273,-2.019685148479916,1.0
2.0398126316524845,-1.7086136330847226,2.0
-1.9537427861157208,-1.0620411873848274,0.0
0.9339586387103842,-1.3940498833428046,2.0
-0.6569444303528967,-2.2510263875646914,1.0
-2.4067591372747885,-1.4170443729352682,0.0
-1.9626415920896252,-1.467973558378871,0.0
0.03767514916748094,-1.628149335454308,1.0
-0.0035250964087602393,-1.695245682996197,1.0
1.87868274014008,-2.0656205440665807,2.0
-0.3242723332537154,-2.2813942141631847,1.0
1.449654977721076,-2.5547962794273973,2.0
1.198200205861223,-2.0546751732731714,2.0
0.031158291584177406,-1.4734162012822973,1.0
0.4120611183848698,-2.4048028189074144,1.0
2.314041788644825,-2.347556607148677,2.0
-2.353280544077666,-1.2306667068436217,0.0
0.24868421358061843,-2.6654305854829983,1.0
2.0938054654898224,-2.7313282148052904,2.0
-0.5122205328851028,-1.9180012407785643,1.0
1.6567604132755052,-2.191435253543295,2.0
0.5493292352444499,-2.7680469602677826,1.0
2.1802040687841755,-2.508122679356857,2.0
2.046088450930086,-2.3606123036401483,2.0
-0.3700379813692458,-2.4379598074390234,1.0
-2.081366654284456,-1.909133715585107,0.0
-2.589277365498515,-1.6716007942382225,0.0
1.7241408423904747,-2.112072713638293,2.0
1.742995207080149,-1.7069840335868256,2.0
0.13494416805271991,-1.9349129555368945,1.0
-0.6732164530035469,-1.984602593553119,1.0
-0.16922388694255447,-2.2818012691526883,1.0
0.7579257301779598,-2.148892397113008,2.0
1.152004652737543,-1.929849062895837,2.0
-0.7728615119683518,-1.8797776708392762,1.0
1.2401477432963746,-1.9284448896575004,2.0
-1.9028393625463647,-1.5206606494578752,0.0
-2.4381556572144882,-1.1068733322918614,0.0
-0.1363992337530381,-2.2387205837544943,1.0
1.0301285971964296,-1.7289463716711189,2.0
-0.47485269461480967,-2.382589100177481,1.0
-2.1313855976581277,-0.6071387814025573,0.0
1.599206288012703,-1.601574376077653,2.0
-0.671052836709339,-1.3299890205931673,1.0
-0.01008476083255444,-2.1099789187849107,1.0
1.4667877908889184,-2.0590108593129255,2.0
1.840156234720437,-2.284230368887105,2.0
0.0574735285115506,-2.2518600905087496,1.0
-0.019092182716988648,-2.7735678246086106,1.0
-1.9282228739043104,-1.6569265331838336,0.0
1.3896798132463153,-2.235410830412701,2.0
0.21301055538106334,-2.3790660087733357,1.0
-1.0504969310881518,-2.445857158406514,1.0
0.13502910340103635,-2.254496401287613,1.0
2.3133292547496684,-1.6827896822249433,2.0
-0.05864227675785662,-1.577171964623089,1.0
2.2484407184028936,-1.4196436233897094,2.0
-0.22748076501744713,-1.7657637136723296,1.0
-0.09942920915920025,-2.7517565414149336,1.0
0.29104681220220974,-2.0429709539107512,1.0
-1.9299844800989967,-1.4755182783418066,0.0
1.2608227600292041,-1.7900627312715873,2.0
-2.429940115409833,-1.0487595104185048,0.0
-0.5784248160746551,-1.7101246205933842,1.0
-2.3010415259989285,-1.5221809143507599,0.0
-0.3749986420931401,-2.264985555315514,1.0
-0.01058267502802436,-1.7174015587428932,1.0
-0.6435318411294436,-2.146038135499,1.0
0.07365839357426907,-1.7039752017923866,1.0
-2.2601098150500567,-1.6028900576703629,0.0
-0.5212560580701313,-2.5098959126692266,1.0
-2.0625994688158045,-1.5582571246113943,0.0
1.7649339399032329,-2.7907180063850934,2.0
-0.6742047061996297,-2.535925282128953,1.0
-2.356505932529166,-1.0450657809442594,0.0
-2.093921960450574,-1.7004652827799915,0.0
2.470298376514005,-1.8433624805160587,2.0
1.1540818233435792,-2.013151125083012,2.0
0.0006225909089697113,-1.9596780741803355,1.0
-2.216977672579048,-1.114157873718999,0.0
0.5256721391013612,-2.1934037940595332,1.0
-2.0442032921536533,-1.0296421246252971,0.0
1.8101380851377216,-1.7773634526566822,2.0
2.1393903732330233,-2.496988567085802,2.0
-0.3340354523786627,-1.69163743986276,1.0
-2.238970860231723,-1.2913114835610124,0.0
2.129597114867484,-2.390651032049697,2.0
-2.679261542065022,-0.8498996871904398,0.0
-2.4965059415085316,-1.446314974441892,0.0
1.3996665755997442,-1.4418245600232944,2.0
-1.9846009722571163,-1.3857553467353816,0.0
-0.33245916073470855,-2.2221875875038113,1.0
-0.2083017270572701,-1.4790799827310819,1.0
-0.38573028579150775,-2.8187264037967705,1.0
0.9975838665684723,-1.9587420863218092,2.0
2.073261867888238,-2.554170394546828,2.0
-2.4709436805518874,-1.2245348714081596,0.0
-2.0126648576060706,-1.6748829739458466,0.0
-0.2730533516247526,-2.4925306347775456,1.0
-2.53457284105435,-1.407385418844805,0.0
1.3157988730687449,-1.2920814658900435,2.0
-0.17444753617608383,-1.9068404851361742,1.0
-0.03582535796956221,-2.971771027119095,1.0
0.03536658582237692,-2.112691372334474,1.0
1.0062442088342034,-2.4009240149555846,2.0
0.5362722472068568,-2.3885556541101467,1.0
1.6134896500302258,-2.484752758398402,2.0
0.2755447211194203,-1.8699434759599405,1.0
-0.08552070429295328,-2.0299560556423635,1.0
1.6422316899714733,-2.270357676744057,2.0
-0.22070632227620923,-2.207545900836811,1.0
-1.989554777616455,-1.9695545348554568,0.0
-2.5738002435903224,-0.5650276839467132,0.0
-2.4462025870822015,-1.7232893316912925,0.0
0.49781633079359255,-1.7552175987507799,1.0
-0.9328037199739602,-2.50251207863045,1.0
0.5606329020890213,-2.4160079144160367,1.0
-0.005981944237293188,-2.091219567251171,1.0
-2.3976434841636163,-1.360734881400445,0.0
-0.3336662957983977,-1.7977855651844141,1.0
1.7567079018294622,-2.3289596275919537,2.0
-2.070668296267399,-0.8157552003815312,0.0
-1.9858154109432857,-1.126020064696663,0.0
0.29668347775629755,-1.7284949989197906,1.0
1.6466996957663163,-2.1830640370182874,2.0
-0.2534912606424754,-2.304254966023161,1.0
-1.4018907320785747,-0.6454524538798746,0.0
-0.15293028512174525,-2.00878291496806,1.0
1.2432181806290639,-2.1841766546627213,2.0
0.07246994919067401,-1.9140223473291587,1.0
-0.0005379073818101432,-2.5401729140480223,1.0
-0.8473621908606402,-2.116557594509816,1.0
-2.5539265319311353,-1.7770280981023248,0.0
-1.232408730460104,-1.7493228132649477,0.0
2.117525393539159,-2.5748758012463044,2.0
-2.144070639774406,-1.2311231368084874,0.0
-0.6750614775461679,-1.9084315848493318,1.0
1.2781721335216012,-1.9244416839778742,2.0
0.37923985219758816,-2.148985879081857,1.0
1.529319362819365,-1.7980346114140662,2.0
1.9052256806209604,-1.7600660022641204,2.0
1.7434857611716739,-1.7442284422146,2.0
-2.612820878442109,-1.2167923387492545,0.0
1.7960406634629085,-2.1576839840320967,2.0
-2.318740277847706,-1.3334100414840149,0.0
2.413897891921133,-2.604901546302357,2.0
-2.1578316422152244,-1.5793228747793862,0.0
-2.333444233546122,-0.9479109685056586,0.0
0.23534141986434043,-2.7111930183498654,1.0
-1.1605202465283293,-0.5296898151749508,0.0
-1.7436637829443251,-1.4190126919941994,0.0
-1.3665648700854738,-1.255496541035987,0.0
1.58045862472402,-1.9050472077531924,2.0
0.6646522934774883,-1.9177050526747226,1.0
0.49952415376305126,-2.4849365721041923,1.0
0.38693712243193723,-2.4632150705376916,1.0
-2.515172523453736,-1.1063378524533423,0.0
0.2419009310270709,-2.1316456247861857,1.0
0.18334709834270313,-2.0115611915603138,1.0
-2.3211263893352423,-1.728136847166852,0.0
-1.6404828857244511,-1.62350094013615,0.0
0.34614411606299245,-3.030895219738719,1.0
1.6123078571810272,-2.174257415071465,2.0
2.2635872292696377,-2.2487482982313654,2.0
-0.09035441375310391,-1.54112645935693,1.0
0.1093526365079027,-1.6542732467054146,1.0
-2.24045310149988,-1.4416701863558912,0.0
1.688800317600497,-2.254012707369868,2.0
-0.2626662684062241,-2.2099127465379533,1.0
1.8000551508371319,-2.2591990122020786,2.0
1.387538823500455,-2.0459262441606967,2.0
1.7958763266489832,-2.63274677155934,2.0
-1.4090420864467217,-1.2435692583175824,0.0
0.09666334551143635,-2.376878836812229,1.0
0.03925303070874753,-1.916440537707461,1.0
-0.4006070575864601,-2.3280633527103247,1.0
-0.5322994160460122,-2.370656531720344,1.0
-1.971846580797586,-1.2481352653913445,0.0
1.7927895345264029,-2.5529871638163857,2.0
1.33314460409122,-2.2598438937521315,2.0
0.6360595935286609,-2.4190941208972987,1.0
-0.5625457085130336,-2.0265097562276786,1.0
0.036570722515117976,-1.3341434927602895,1.0
2.027595811855165,-2.6988348715367407,2.0
-0.26046055999743056,-1.294923460112849,1.0
-0.13928477923854093,-1.9744221806565136,1.0
0.8607410875868746,-2.0312957829499454,1.0
-2.719371535687953,-0.891397201327303,0.0
-2.2104485524409014,-1.5030496849984873,0.0
-0.7442894149588886,-1.896038622118434,1.0
-1.834415037041274,-1.337441802518024,0.0
0.19583300967693484,-2.8474412703871796,1.0
-2.755760617975292,-1.511034277169117,0.0
-0.9026776333546567,-1.161858515434479,0.0
-1.9021496398657545,-1.0746736359572002,0.0
-0.11624474253132301,-2.0918128481093943,1.0
1.5501029978266971,-2.1040389158037223,2.0
-2.6300550036351695,-1.412786388351418,0.0
-2.0252750429745263,-0.6491295879967091,0.0
-2.431984982644736,-1.4461340953740887,0.0
1.9111442307768232,-1.7258153464292454,2.0
-0.49903856959428916,-1.956098873873557,1.0
0.0903441554911992,-2.165806644725058,1.0
1.9509634922138033,-1.7269929552159928,2.0
1.7021283036732096,-1.9265862011773225,2.0
-2.2117464524926773,-1.2299466166484134,0.0
1.7773923138109546,-1.9775126914422132,2.0
-2.612914181681317,-1.250032873363228,0.0
-2.6335405153994937,-0.925179129769647,0.0
-0.3293581583121768,-1.7989371500944455,1.0
1.2838126456846217,-2.2969235723815355,2.0
-0.46947390717872817,-2.3126665308998535,1.0
0.23503401128635737,-1.3879315858050916,1.0
2.486893928126737,-2.2183616593165616,2.0
-2.0634579134002298,-1.0276912249952912,0.0
1.6560284555005873,-1.0783443325517554,2.0
1.035096862687762,-1.579959177672703,2.0
-0.32087769476848227,-2.2205471454326595,1.0
-0.01512880437429373,-2.350276652128947,1.0
1.538537520715046,-1.1609479636772613,2.0
-1.9715914327067976,-0.8184695080664233,0.0
-2.3263292196636285,-1.2616295715220807,0.0
-0.5296973194614669,-2.0748412229062274,1.0
-0.31196408966963407,-2.452889831691176,1.0
-1.9681719622268825,-1.284150250608504,0.0
-2.5488460450380286,-1.4016782477346639,0.0
-2.0247280275039854,-0.7185282636642102,0.0
-0.029352853669831855,-2.351983456234092,1.0
-0.30415362118548767,-2.18831450238963,1.0
2.204892060396588,-1.9805111235842086,2.0
-0.533753015590043,-2.5690035856487143,1.0
-2.9833413297833262,-0.4118612259099166,0.0
1.2683947661173098,-2.4675981247617678,2.0
-0.2898963876610887,-2.270212151089631,1.0
-0.6260250224205992,-2.3433564878057633,1.0
1.726665785134728,-2.004784127294611,2.0
-0.14303300729660548,-2.0771797881494964,1.0
-2.2450890110744655,-1.5607177655001867,0.0
0.25044636868063574,-2.516528937523362,1.0
0.9725300960850869,-2.3963489773055455,2.0
0.04213254746316103,-2.6049150122844185,1.0
1.617846935654191,-2.084957154148578,2.0
-2.5121018815389875,-1.2284744682104638,0.0
-0.42133436750090064,-2.3521449377539083,1.0
-2.079846212621102,-1.1570663917718713,0.0
0.16845026147247627,-1.3040827724706858,1.0
-2.440051721781109,-1.3814796350698608,0.0
0.6617179029546244,-2.187322063698727,1.0
0.8834994668586539,-2.0937842085252556,2.0
1.3867842902951348,-1.9984321400302718,2.0
-0.00550222182246797,-1.7445702088293222,1.0
-2.900770205045861,-1.1162168086688438,0.0
-0.4849422765166653,-1.91599623425243,1.0
-2.4980647817172192,-1.7981972876693686,0.0
-2.3102324024011898,-1.1751187828120524,0.0
-2.1000970857692276,-1.3983707449369491,0.0
-0.11753673755472938,-1.6870984877596793,1.0
1.7173075334849415,-1.9826669721297046,2.0
-0.7987945879892248,-1.7862029705628066,1.0
1.9541048702233348,-2.0352001970667777,2.0
0.059599865157184406,-2.1274209401344666,1.0
-0.026281276227283323,-1.498445453367387,1.0
2.173872093171779,-1.7558939499130457,2.0
-0.28512721182464096,-2.6977576491079063,1.0
-0.38609226555875675,-2.6924047699602407,1.0
-2.763565927549648,-1.746681624466571,0.0
2.2134896873865353,-2.159228677886742,2.0
-2.1867806699617267,-1.7048957695501232,0.0
1.6741389275190477,-2.632193826712666,2.0
-2.2607711163713846,-1.3585582626356723,0.0
-2.166927816844209,-0.9496448667169832,0.0
-0.7755164609500036,-2.162757458159052,1.0
-2.479033972448855,-1.0219586939369174,0.0
-0.5139488415602707,-1.5703400484323904,1.0
-2.536196432848392,-0.7908518552153032,0.0
-0.03995286724425691,-1.4900158789249724,1.0
1.5115169438279072,-2.9273332209106435,2.0
1.842405832974826,-1.9273239134320825,2.0
-0.7419029461391431,-1.7639692549676034,1.0
-2.2238309985827156,-1.0757536456374455,0.0
1.2801845533435965,-1.7956880178366927,2.0
-0.5245272042574188,-2.404883194017116,1.0
-1.6811193169932648,-1.211715927916214,0.0
-0.5182349593175546,-2.4681572662941167,1.0
-1.573273724874181,-2.065652380459057,0.0
0.5151194416802322,-2.184362389808424,1.0
-2.2678754746188163,-0.6303539023113621,0.0
0.9208793537368156,-2.2496700549279987,2.0
-0.5341297021409572,-2.5691052794239693,1.0
-0.21361744510087183,-1.9391274304809623,1.0
0.18502161947039658,-1.9356934291213128,1.0
-0.8439700075660306,-2.5342016529831533,1.0
2.1773594604605773,-2.11995728566877,2.0
1.955184106103169,-2.8876748261715717,2.0
-0.3170845025145609,-2.3181288550752686,1.0
-0.6451264187066073,-2.4303686393339183,1.0
1.409167711524216,-2.3062441710963215,2.0
-0.5658797621821079,-2.118648247178262,1.0
-2.22311032434821,-1.2000770786994168,0.0
-1.7241454164560628,-1.4452184522235851,0.0
1.6342895604437544,-2.193519468036152,2.0
-2.476725112233306,-1.8127749599742757,0.0
1.9250793157551072,-1.355111342959391,2.0
-2.3315614266352016,-1.557691360887485,0.0
2.217333014376223,-2.187745688947537,2.0
-2.2152633046970998,-1.9019382952013497,0.0
-0.14694295972102694,-1.8998054369217856,1.0
0.3962846988401014,-2.057413950978891,1.0
-1.8459979258271118,-1.002754618693714,0.0
1.9416936136148573,-2.0750641313178924,2.0
1.5828375449443226,-2.7329177764171337,2.0
0.2992983139175963,-2.4528800282382948,1.0
-2.1676163831036983,-1.0268566870717803,0.0
-0.31433205602026304,-2.190256746310701,1.0
0.5951974191648195,-2.586869987106701,1.0
-2.0523742736730832,-0.9056639068212031,0.0
-2.398792364058803,-1.1296966284773398,0.0
1.6467934365136645,-2.7540264209314995,2.0
-2.4963260554885105,-1.928171411386315,0.0
-1.9547581085505725,-1.9648894226070723,0.0
2.0891015815886975,-1.446314310406072,2.0
-0.3127119803309143,-1.7585502062095077,1.0
-1.861403298743202,-1.5474419579619747,0.0
-1.62525480342974,-1.5134380442736195,0.0
1.9836166253326948,-2.3820809421837366,2.0
-2.1957227635396146,-1.8107525664272877,0.0
0.30582730335974306,-2.198759102229371,1.0
-0.43252734968919554,-2.5764667766501215,1.0
-2.2522262789773957,-1.2816114821773699,0.0
-2.177875708215305,-1.0859976762316117,0.0
-0.7181410288488886,-2.6325933362537164,1.0
0.09532775982182101,-1.8706592150158212,1.0
-2.3841486594625505,-0.8013584766798443,0.0
1.7661401220750625,-1.7187730967698276,2.0
-1.9441514315296609,-1.3267284106597061,0.0
-2.0841956896154166,-1.2063738980167835,0.0
-0.6729314866004484,-1.797044265217686,1.0
1.1038197583575915,-2.6515543478323904,2.0
1.9599203150617406,-1.7966804831712306,2.0
1.8185327193470504,-1.443718937244992,2.0
1.9560742967798328,-1.3961894229546874,2.0
1.1264001370335723,-1.7855534941555053,2.0
-2.061260999581153,-1.5940244036518556,0.0
0.11587771001115399,-1.759519258401029,1.0
1.6173686108646217,-1.8565903595766153,2.0
-2.088159243881281,-1.1145653405818716,0.0
-0.18661664518920568,-1.6313838054216312,1.0
-2.002700229000466,-1.1390174959491106,0.0
0.5712640925388608,-2.2262224996770614,1.0
-0.6295843845355176,-1.9032268057948851,1.0
-2.425405974022281,-0.9670850524750445,0.0
0.023481335240344126,-2.504757497540158,1.0
1.7701131775341188,-2.680673256329118,2.0
-0.057036501900501774,-2.0724981069067803,1.0
-1.5753251578409366,-1.0291368711433588,0.0
1.6873096304405513,-1.3018560833650592,2.0
-1.7963705572566258,-0.6727272880386671,0.0
-1.8129634335147566,-0.6876727438964484,0.0
-2.424796380143114,-1.3827548368484996,0.0
-0.25739192717996995,-1.9287129454623728,1.0
-2.5711536816265546,-1.855566809164689,0.0
-1.4755184716889242,-0.8399006139274448,0.0
1.7387046041728584,-2.532163513906888,2.0
-2.452947653013222,-0.8603540804658465,0.0
1.2745825626241105,-2.2104454934751225,2.0
0.11476006318964727,-2.2113552351971677,1.0
-1.7965081252497448,-1.4479146076944203,0.0
-1.6105296101539448,-1.4018110879167927,0.0
-1.5630695983644194,-0.5498226474871665,0.0
1.767129276017151,-2.285498968343031,2.0
-2.253845426893645,-1.5088965547681432,0.0
1.5211639878722023,-1.3243219377380835,2.0
-0.3278023386694491,-2.9131413851556616,1.0
-2.4933181456864757,-1.6849831401822972,0.0
-0.1819668333348081,-2.6323338834167536,1.0
-1.7588922357044867,-2.056587815676829,0.0
1.8512631525414642,-1.7994410484511625,2.0
2.139401873331623,-1.9533058966369798,2.0
-1.982894284732136,-1.113079541831982,0.0
1.4126353681196326,-1.8247945564075534,2.0
1.960877191813592,-2.1081185207195015,2.0
-0.006676050416516657,-1.7717929591385182,1.0
-2.5711996822522107,-0.5680640876493603,0.0
0.2566881465402344,-1.8911705767781073,1.0
0.43122590101030367,-2.765367921250522,1.0
-2.075409310409214,-0.6784998660189502,0.0
1.8101664477883965,-1.4202089869101977,2.0
-2.878482922941541,-1.0954656533561367,0.0
1.3859154876498594,-2.180524593153145,2.0
-2.3590806957510786,-1.3243509586838598,0.0
-1.8913153492356019,-1.662147285432008,0.0
0.1287669834563489,-1.4571181697377658,1.0
-1.7964892523382823,-1.2516964412015126,0.0
0.20755273737463575,-1.9136394046561085,1.0
-2.626670819917515,-1.723418923637348,0.0
-2.434237979685447,-0.850105315028424,0.0
-2.379699413868078,-1.7115330066182652,0.0
1.9232012009217234,-2.329789094532192,2.0
0.22570302365690942,-2.8395930290431175,1.0
-1.802504183546496,-1.0533325795941122,0.0
0.4361502102208258,-1.9744905891591853,1.0
0.3641632930020924,-2.9434324892633854,1.0
-1.030451806233595,-1.9588205097932492,1.0
-2.338058482624742,-1.6766570323617422,0.0
-0.11839109102692574,-2.597539011599219,1.0
0.20516120701573437,-2.2281577453196437,1.0
-2.43448872939273,-1.4433519568296398,0.0
-1.7992654980789173,-1.0047685338944747,0.0
0.298623215957515,-2.5178542342255845,1.0
